Song Name,Song ID,Genres
Without Me,7lQ8MOhq6IN2w8EYcFNSUk,"detroit hip hop, hip hop, rap"
Till I Collapse,4xkOaSrkexMciUUogZKVTS,"detroit hip hop, hip hop, rap"
Rock Your Body,1AWQoqb9bSvzTjaLralEkT,"dance pop, pop"
Can't Stop,3ZOEytgrvLwQaqXreDs2Jx,"alternative rock, funk metal, funk rock, permanent wave, rock"
Superman,4woTEX1wYOTGDqNXuavlRC,"detroit hip hop, hip hop, rap"
Hot In Herre,04KTF78FFg8sOHC1BADqbY,"dance pop, gangster rap, hip hop, pop rap, rap, st louis rap, urban contemporary"
Get Low,0r2Bul2NuCViraT2zX1l5j,"atl hip hop, atlanta bass, crunk, dirty south rap, old school atlanta hip hop, southern hip hop"
The Scientist,75JFxkI2RXiU7L9VXzMkle,"permanent wave, pop"
This Love,6ECp64rv50XVz93WvxXMGF,pop
Headstrong,1AEYT6VxrxXPMoQUxsY0E4,"alternative metal, nu metal, post-grunge"
Foolish,6zMUIb4uce1CzpbjR3vMdN,"dance pop, hip pop, r&b, urban contemporary"
The Red,1gyee1JuFFiP476LQpRMYU,"alternative metal, christian rock, nu metal, post-grunge"
Complicated,5xEM5hIgJ1jjgcEBfpkt2F,"canadian pop, candy pop, pop"
The Anthem,0BRHnOFm6sjxN1i9LJrUDu,"alternative metal, modern rock, neon pop punk, pop punk, pop rock, post-grunge"
Sk8er Boi,00Mb3DuaIH1kjrwOku9CGU,"canadian pop, candy pop, pop"
Dilemma,0ARK753YaiJbpLUk7z5yIM,"dance pop, gangster rap, hip hop, pop rap, rap, st louis rap, urban contemporary"
Clocks,0BCPKOYdS2jbQ8iyB56Zns,"permanent wave, pop"
Like a Stone,3YuaBvuZqcwN3CEAyyoaei,"alternative metal, alternative rock, grunge, hard rock, nu metal, permanent wave, post-grunge, rock, supergroup"
She Will Be Loved - Radio Mix,4llK75pXNWZz6KAho2Gp16,pop
Superstition - Single Version,1h2xVEoJORqrg71HocgqXd,"motown, soul"
"Courtesy Of The Red, White And Blue (The Angry American)",0M7mWKqwTIaVjYyxfZmtTa,"classic oklahoma country, contemporary country, country, country road"
Here Without You,3NLrRZoMF0Lx6zTlYqeIo4,"alternative metal, nu metal, post-grunge, rock"
Sunday Morning,5qII2n90lVdPDcgXEEVHNy,pop
Are You That Somebody,3PqAnW2bB5TQnMoBivyFOb,"contemporary r&b, dance pop, hip pop, r&b, urban contemporary"
A Thousand Miles,4w1lzcaoZ1IC2K5TwjalRP,"lilith, neo mellow, piano rock, pop rock, post-teen pop"
Obsesion,65H6t1WQBim6q93yM8fEwn,"bachata, bachata dominicana, latin hip hop, latin pop, tropical, urbano latino"
When I'm Gone,4ObFZEXHQJcc8WQtqbCupZ,modern country pop
No One Knows,6NvRxjfYkkT2SpirAlmsjH,"alternative metal, alternative rock, grunge, modern rock, nu metal, palm desert scene, rock, stoner metal, stoner rock"
Drift Away,0RFgvrhkf9FiDRLA0BhzpZ,"country, pop rock, post-grunge"
Cry Me a River,7Lf7oSEVdzZqTA0kEDSlS5,"dance pop, pop"
Don't Know Why,1zNXF2svmdlNxfS5XeNUgr,"contemporary vocal jazz, jazz pop, vocal jazz"
Beer For My Horses,7E2DqvnVtbIrFrL5X6YH9Q,"classic oklahoma country, contemporary country, country, country road"
Hurt,0RBw4ODUQPO4cuAOZtBGga,"canadian hip hop, canadian trap, melodic rap, pop rap, r&b, rap, trap"
Still Waiting,2OMqSRS11ly56zg9u5za6c,"alternative metal, canadian pop punk, canadian punk, modern rock, nu metal, pop punk, post-grunge, punk, rock"
All My Life,6HgWWaMu31KdOpEG5l28BG,"chicago drill, chicago rap, drill, hip hop, rap, trap"
About A Girl,55yvzYuvJYG2RUEnMK78tr,"grunge, permanent wave, rock"
Sing For The Moment,3CpoeW0cZSDzIRv5z34F87,"detroit hip hop, hip hop, rap"
"Swing, Swing",003FTlCpBTM4eSqYSWPv4H,"alternative metal, modern rock, neo mellow, neon pop punk, pop punk, pop rock, post-grunge"
Somebody Like You,0b9djfiuDIMw1zKH6gV74g,"australian country, australian pop, contemporary country, country, country road, modern country rock"
Send the Pain Below,6dRAAG4sB71NAtVCHJep7s,"alternative metal, christian rock, nu metal, post-grunge"
Fine Again,4eTIe5eqds88bA9ua6p5p6,"alternative metal, nu metal, post-grunge, south african rock"
By the Way,1f2V8U1BiWaC9aJWmpOARe,"alternative rock, funk metal, funk rock, permanent wave, rock"
Cleanin' Out My Closet,7BMO7O7ImjV8HNTH74Tshv,"detroit hip hop, hip hop, rap"
Still Fly,563vSy3HB5NHxel1VGQCW6,"crunk, dirty south rap, new orleans rap"
Es Por Ti,3b1IQflSLrgzYQPGFzI9cl,"colombian pop, latin pop, mexican pop, rock en espanol"
All The Things She Said,4bJygwUKrRgq1stlNXcgMg,"dance pop, girl group"
Cute Without The 'E' (Cut From The Team) - Remastered,6OyKBwLzq4h15XmxeWf5n4,"emo, pop punk, screamo"
Guatauba,0xJFWROBNTBL4sKEuA5pm6,"reggaeton, trap latino, urbano latino"
Ven Porque Te Necesito,4MNfkZ8dtva3cjJ2biqnDS,"grupera, musica mexicana, ranchera"
Work It,3jagJCUbdqhDSPuxP8cAqF,"dance pop, hip hop, hip pop, neo soul, pop rap, r&b, rap, urban contemporary, virginia hip hop"
Show Me How to Live,1Qdnvn4XlmZANCVy3XjrQo,"alternative metal, alternative rock, grunge, hard rock, nu metal, permanent wave, post-grunge, rock, supergroup"
Landslide,5ihS6UUlyQAfmp48eSkxuQ,"album rock, classic rock, rock, soft rock, yacht rock"
Come Away With Me,6jGnykaS6TkWp15utXSAeI,"contemporary vocal jazz, jazz pop, vocal jazz"
Take Da Charge,2XOKoaCWziW0W14DPeY7XS,"crunk, dirty south rap, gangster rap, memphis hip hop, trap"
Mesmerize,2iclfHORMqpR3TxuhwVRhD,"dance pop, east coast hip hop, gangster rap, hip hop, hip pop, pop rap, queens hip hop, rap, urban contemporary"
Mi Cómplice,1GOvdGVrasTEG5JfDs8V5f,"banda, musica mexicana, norteno"
Go With The Flow,45DElIx0dXqUH4A88yQFdE,"alternative metal, alternative rock, grunge, modern rock, nu metal, palm desert scene, rock, stoner metal, stoner rock"
She Will Be Loved,4llK75pXNWZz6KAho2Gp16,pop
The Taste of Ink,5jZ1Z2GFTf2gwmFc3qiUxs,"alternative metal, neon pop punk, pop emo, post-grunge, post-hardcore, screamo"
Belleza De Cantina,4ZplewvZRLFcfBa5uyBbhd,"banda, musica mexicana, norteno"
Lifestyles of the Rich & Famous,2g2a5kDeZexbUTD8abcvm6,"alternative metal, modern rock, neon pop punk, pop punk, pop rock, post-grunge"
Unwell,6Bm6qUCSatPAqkQllFL7oA,"neo mellow, pop rock, post-grunge"
Soak Up The Sun,215JYyyUnrJ98NK3KEwu6d,"lilith, new wave pop, permanent wave, pop rock, singer-songwriter"
Unfoolish,6dZ6qWl1e9GsMndBG7vqB9,"dance pop, hip pop, r&b, urban contemporary"
Drive (For Daddy Gene),1FV374EPG5CrjdIbIMLkcv,country
Oh Boy,4X1odWLrLSSahaK6Hi15AA,"battle rap, east coast hip hop, harlem hip hop, southern hip hop"
Un Sueño,6iPDBwtiOZGlfQt9HD0jAG,"cumbia sonidera, musica mexicana, norteno, ranchera"
Hawaiian Roller Coaster Ride,7GmiJVBAzWNikX5VkNQg85,movie tunes
I Know What You Want (feat. Flipmode Squad),0YImOCkIJ2PWhCXaURCZnY,"east coast hip hop, hardcore hip hop, hip hop, pop rap, rap"
Big Yellow Taxi,4O4dhPrjcw7GSLNafNydmb,"neo mellow, pop rock, post-grunge, rock"
Brokenheartsville,0WB48shl2wAH4KqyQkQ8nJ,"arkansas country, contemporary country, country, country road"
Here to Stay,5NHTtXGCdO7ul16xr0q93w,"alternative metal, funk metal, hard rock, nu metal, post-grunge, rap metal, rock"
Always,2enPRFda84VE2wtI8c86Uf,"experimental pop, indie surf"
Una Vez Más,5iCcDXbsM7Sj0kP7h9g60b,"banda, musica chihuahuense, musica mexicana, norteno"
You Know You're Right,5O8L4I2S4izFGDjvP7xAKv,"grunge, permanent wave, rock"
Caraluna,7DhYjNLksXZhbRQeheAums,"colombian pop, latin alternative, latin pop, rock en espanol"
I'm with You,6Qwuw0eOeszVlewLpu24gR,"folk-pop, modern rock"
Beautiful,2rxQMGVafnNaRaXlRMWPde,"contemporary country, country"
Air Force Ones,7kAFSrTIOiVZ0gnHBuAH3l,"dance pop, gangster rap, hip hop, pop rap, rap, st louis rap, urban contemporary"
Travelin' Soldier,0AkZjWYCMJ8wWiNex7LmkY,"contemporary country, country, country dawn"
03' Bonnie & Clyde,5ljCWsDlSyJ41kwqym2ORw,"east coast hip hop, gangster rap, hip hop, pop rap, rap"
My Friends Over You,4pImG3RdbaGfanzQOTFgyr,"easycore, neon pop punk, pop punk"
Compré Una Cantina,2fKafjPt7Pkl2WXPhOy9gM,"banda, musica mexicana, norteno"
The Zephyr Song,1ndGB6rvxKYN9seCYO1dTF,"alternative rock, funk metal, funk rock, permanent wave, rock"
The Hell Song,17XgxMFNzBYv38TEJRC18D,"alternative metal, canadian pop punk, canadian punk, modern rock, nu metal, pop punk, post-grunge, punk, rock"
Enseñame a Olvidar,79MlVxKj43tDISSISiVHJM,"bachata, bachata dominicana, latin hip hop, latin pop, tropical, urbano latino"
Good Times,7INk3focyW89pATBgageU7,"contemporary country, country, country road, modern country rock"
Three Little Birds,75FYqcxt1YEAtqDLrOeIJn,"reggae, roots reggae"
A Dios Le Pido,129lYDVKnWtlJc2PZJviuA,"colombian pop, latin pop, mexican pop, rock en espanol"
Business,0x60P5taxdI5pcGbqbap6S,"detroit hip hop, hip hop, rap"
Ooh Ahh (My Life Be Like) [feat. Tobymac],1KBN9lYx9QkfUJC3NSXlhQ,christian hip hop
Do You Realize??,2DFRFqWNahKtFD112H2iEZ,"alternative rock, chamber pop, indie rock, indietronica, noise pop, okc indie, singer-songwriter"
Stone Love,1AO26gK1sI6PoFY9eUF8yV,"reggae fusion, reggae rock"
I-E-A-I-A-I-O,3RgDvs9Jpvn3kUuaTek1R5,"alternative metal, nu metal, rap metal, rock"
"No Shoes, No Shirt, No Problems",208bYsadJ56km31IENM2qS,"contemporary country, country, country road, modern country rock"
Times Like These,67vYdAAM3oGsEImCRfbtsF,"alternative metal, alternative rock, modern rock, permanent wave, post-grunge, rock"
Sympathy,1Ud6moTC0KyXMq1Oxfien0,"album rock, british invasion, classic rock, rock"
Cochise,1TDk2Jmi4dVZhm2dum3Jim,"alternative metal, alternative rock, grunge, hard rock, nu metal, permanent wave, post-grunge, rock, supergroup"
Old Number Seven,7FqrsV0vBwNiQNQI6jfzni,"new americana, western americana"
Mira oye,4l3SD9S0EOaBAPejqNti6E,"banda, cumbia sonorense, musica costena, musica mexicana, norteno, tejano"
Mariposa Traicionera - 2020 Remasterizado,2zLLGT8WWT1dl73TlVL9qs,"latin arena pop, latin pop, latin rock, mexican pop, mexican rock, rock en espanol"
Hey Ma,2fE1hcjUxlLxXrZusTEJlq,"battle rap, east coast hip hop, harlem hip hop, southern hip hop"
Turn Me On,1qzHqfvKrZWo6dVHM1dXrj,"contemporary vocal jazz, jazz pop, vocal jazz"
Say Yes,6GGtHZgBycCgGBUhZo81xe,"art pop, pop"
Jenny from the Block - Track Masters Remix,4ZOyH6KjomjlqCz3oFqglr,"dance pop, pop, urban contemporary"
Beautiful,2rxQMGVafnNaRaXlRMWPde,"contemporary country, country"
I Am the Highway,3bwAS8cN7Xtzvv5UurJOOX,"alternative metal, alternative rock, grunge, hard rock, nu metal, permanent wave, post-grunge, rock, supergroup"
Gasoline,2IO7yf562c1zLzpanal1DT,"electropop, etherpop, indie poptimism, pop"
Isn't She Lovely,3NlLmKBJozwoi0k03Feb1N,"motown, soul"
Bother,0AfIsqZ4gTUg9CwwW2jLeK,"alternative metal, nu metal, post-grunge"
Halfcrazy,3oXNIpoUMdk8qGkwCeXqGv,"contemporary r&b, neo soul, r&b, urban contemporary"
Just a Friend 2002 - Radio Edit,2cxbxpHrND6i4uvUGVvC9J,"dance pop, hip pop, r&b, southern hip hop, urban contemporary"
How You Gonna Act Like That,3OUApyz3jDB3syGUNGqB1d,"contemporary r&b, hip pop, r&b, urban contemporary"
Amargo Adiós,0zCOT028cU3DeCqN1G18wE,"latin alternative, latin rock, mexican rock, rock en espanol, ska mexicano"
In My Place,3iPB3dODZ5YdJLDLQgfMut,"permanent wave, pop"
Fighter,7nXq1vaZiz7PdbfojpPjW5,"dance pop, pop"
Sentimental,3NLJWd1FgZlgBRukNXxEBd,"banda, grupera, musica mexicana, norteno, ranchera"
The Remedy (I Won't Worry),4tK4ARuilOrBzwVQK73E0Y,"acoustic pop, dance pop, neo mellow, pop"
Downfall,76xddM2irVQCbuBoVbaElZ,"alabama metal, alternative metal, nu metal, post-grunge"
You're So Last Summer - Remastered,0cY6CAgB5wShSOTT3lQl2t,"emo, pop punk, screamo"
Harder To Breathe,4V9JDRqKjN8F2HWdlEDxvI,pop
The Good Stuff,1sR3kJi14jA8Gau3a0yXAo,"contemporary country, country, country road, modern country rock"
Viernes Sin Tu Amor,2Ud8SDPZjPI1QSMtOHw721,"banda, musica mexicana, norteno"
Tu Infame Engaño,4j9qP0PaNo3QMFkKNtv7At,"grupera, musica mexicana, ranchera"
Girl All the Bad Guys Want,0KqyBk4aVT88TEqBIC8mAP,"neon pop punk, pop punk, texas pop punk"
Happy,3ZEno9fORwMA1HPecdLi0R,"hip hop, pop rap"
En La Barra,1SHmwHA6wc5IBECjCoFn8C,"cumbia sonorense, musica sonorense, tecnobanda, tejano"
Obstacle 1,1ZBqJilDGBVYktvlCEo9jC,"alternative dance, alternative rock, indie rock, indietronica, modern rock, rock"
De Uno y De Todos Los Modos - Version Bolero,6DkNnb8nBR1uuqaSVWQgfm,"musica mexicana, norteno, tejano"
19 Somethin' - Greatest Hits Version,0ElpjZyX8YBiXuYcDC1Ci9,"country, country road"
Señorita,6v3KW9xbzN5yKLt9YKDYA2,"canadian pop, pop, viral pop"
Amor de Internet,0tAxedQQR6bPR26BlfZ8d2,"cumbia del sureste, cumbia sonidera, musica campechana, ranchera, tropical"
Come Over (feat. Tank),28RaFrB9gSS48XXumZMobc,"contemporary r&b, dance pop, hip pop, r&b, urban contemporary"
Actos De Un Tonto,7cmdmDyKZDgK92uPlTBg6m,"banda, musica chihuahuense, musica mexicana, norteno"
Comfortable Liar,412LyfktkgWKEn8kmKiyQe,"alternative metal, christian rock, nu metal, post-grunge"
"2 Aquarelles: Lento, ma non troppo",5TtmI9sfXw4VXco0PE21mV,"classical, early modern classical, impressionism, post-romantic era"
Dirrty,59ZTxQo8rBycIXPLUIKvE2,"dance pop, pop"
Soldier,3xtiXNDbSKxy20I7D6vFUg,"folk-pop, pov: indie, san marcos tx indie, stomp and holler"
Strawberry Wine,5Pgwi0iizu96RHxJ4xL3SH,"country, country dawn, country road"
He Mele No Lilo,3G9ZnSjGYyHx7e221v0qse,movie tunes
Sunday Morning,5qII2n90lVdPDcgXEEVHNy,pop
El Primer Tonto,6y5GaZRI2cy2RKz9B3drTe,"banda, musica mexicana, norteno"
El Numero Uno,517C3ko96edIA8XMh5nE3R,"classic sierreno, corridos alternativos, musica bajacaliforniana, norteno"
Mi primer millon,5fSDXbY8o9pA3TKwAbfwML,"colombian pop, latin alternative, latin pop, rock en espanol"
White America,15qrWkkYCfmtu1uRpGf48L,"detroit hip hop, hip hop, rap"
Heavy Soul,5GZq8P4Iy2smHngL07Pcuo,"alternative rock, blues rock, garage rock, indie rock, indietronica, modern blues rock, modern rock, punk blues, rock, roots rock"
The Best Of Me,1Up4RdOBpChNDytatxKDXP,"emo, neon pop punk, philly indie, pop punk, screamo"
Where Are You Going,5EjZXJ4nVpw7uI6eso1SFS,"jam band, neo mellow, pop rock"
El Problema,5UJsYyBi0CdSJl0ul5aTgO,"cantautor, latin arena pop, latin pop"
The Game of Love (feat. Michelle Branch) - Main / Radio Mix,41IShViF79gmulEkIHAjcb,"blues rock, classic rock, mexican classic rock"
Girls & Boys,65mxB9IWpmVo4qUjdGSxRB,"alternative metal, modern rock, neon pop punk, pop punk, pop rock, post-grunge"
Bright Lights,4dZhQj20JbKlD9oR0X8kjZ,"neo mellow, pop rock, post-grunge"
Heaven,1HXy5I3HTWq8OvxCn0z7G7,"black americana, contemporary country, country, country road"
Chic 'N' Stu,11i33j50Gsr90pRoDJBrEA,"alternative metal, nu metal, rap metal, rock"
Jerk It Out,5XMjXjwCkJVmk0AHm7z8IV,swedish indie rock
Innervision,0Xmbtw7NhNiDnL4BWy5wDh,"alternative metal, nu metal, rap metal, rock"
Baby,7yNf9YjeO5JXUE3JEBgnYc,"alternative pop rock, pov: indie"
"Handel / Orch. Hale: Keyboard Suite No. 4 in D Minor, HWV 437: III. Sarabande",1upQiytDIEZfl9ItruoXuC,"baroque, classical, early music, english baroque, german baroque"
Word of God Speak,6FVg2subR7uoD80BmTOsdR,"ccm, christian alternative rock, christian indie, christian music"
Fotografía,0dEPlb8waIqRtKpLb3l6So,"colombian pop, latin pop, mexican pop, rock en espanol"
Si Ella Supiera,5xG0CJRnQBHalC5CtXlpNN,"banda, musica mexicana, norteno"
Get Free,761QvVHTibYjEi2r6A4g4Q,"art pop, pop"
Comer a Besos,6b2jmWNdY33SFlDMdcBs5V,"grupera, musica mexicana, ranchera"
I Gotta Find Peace of Mind - Live,6ocxCGYgcmZhCeTT1yuNkt,"alternative r&b, conscious hip hop, hip hop, neo soul, new jersey rap, r&b, soul"
Over My Head (Better Off Dead),3SO0vfryYv381w1ImgWONG,"alternative metal, canadian pop punk, canadian punk, modern rock, nu metal, pop punk, post-grunge, punk, rock"
Why Don't We Fall in Love,4bnjq8zqtCnxTGxll5ezOO,"contemporary r&b, hip pop, neo soul, r&b, urban contemporary"
We Ready,1djfwy9FvafpK4KhznjjeI,atl hip hop
The Man Comes Around,3Jq9rsqmRtqcVKtzP9dnxZ,"arkansas country, outlaw country, rock"
Guaracha Sabrosona,0p88CmD2dgRH9Y52unhHi3,"cumbia sonidera, grupera, tropical"
I Can See Clearly Now,0DcrhZ12WcCqruCs8ibXSf,
Thugz Mansion - 7 Remix,3eBBbAEBQdr6tkUUd8gyuQ,"g funk, gangster rap, hip hop, rap, west coast rap"
Hailie's Song,6Db8IlZ7YY1pfIjJllejyH,"detroit hip hop, hip hop, rap"
Dosed,1iFIZUVDBCCkWe705FLXto,"alternative rock, funk metal, funk rock, permanent wave, rock"
Hopelessly Devoted To You,5nNpVC9AC6DWgrT5RX0e0b,"adult standards, australian dance, disco, mellow gold, soft rock"
"You Think I Ain't Worth A Dollar, But I Feel Like A Millionaire",68DKrU7sTyDpDA5T3dsOlk,"alternative metal, alternative rock, grunge, modern rock, nu metal, palm desert scene, rock, stoner metal, stoner rock"
Green Eyes,2pFXIqKAXMtG0nnmKUAB9J,"permanent wave, pop"
Dragostea Din Tei,4nnHlGaBwJHb1rBetqj0Yl,"eurodance, europop, moldovan pop"
Demolition Lovers,16Fp67kTFhH0XK5Cl6Oz7r,"emo, modern rock, pop punk, pov: indie, rock"
This Love,6ECp64rv50XVz93WvxXMGF,pop
Beautiful Mess,19QT1L9qUNKHYNbYqawaX8,"contemporary country, country, country road"
Te Lo Pido por Favor,6iRkrVOhCjgKFB2cBWnx4M,"latin alternative, latin pop, latin rock, mexican rock, rock en espanol"
Arboles De La Barranca,3Oa31DdD8vxktKoyUf7RyZ,"banda, musica mexicana"
The Swan,1p2KclGv8c1qKPoRq4exKd,"classical, french romanticism, late romantic era"
Say I Yi Yi,46XvcuEZFFInDilbYUNHBn,"atl hip hop, crunk, dirty south rap, old school atlanta hip hop, southern hip hop"
(You're The) Devil in Disguise,0D1pEisM3QkiacGXJe5dmd,"rock-and-roll, rockabilly"
Báilame,1qhycrSgnNJKjH6jRyL1HS,"banda, cumbia sonorense, musica costena, musica mexicana, norteno, tejano"
Purple,0wJoRiX5K5BxlqZTolB2LD,"acid rock, album rock, alternative rock, classic rock, hard rock, proto-metal, psychedelic rock, rock"
Jenny from the Block - Track Masters Remix,4ZOyH6KjomjlqCz3oFqglr,"dance pop, pop, urban contemporary"
Gangsta Lovin',0WgLpgUdThEpA5L5K0SKq7,"contemporary r&b, dance pop, hip pop, philly rap, r&b, urban contemporary"
Jamming,5LyfiK6iXEIBNEtcaGKohl,"reggae, roots reggae"
Miss You,73vIOb4Q7YN6HeJTbscRx5,alternative hip hop
Hey Ma,2fE1hcjUxlLxXrZusTEJlq,"battle rap, east coast hip hop, harlem hip hop, southern hip hop"
Sé Que Te Amo,46HSR9UPHXZxeR7EUvFERG,"grupera, musica mexicana, ranchera"
Que No Se Apague La Lumbre,5HHtIw03mC3OPPRjFUQ2Hb,"banda, musica mexicana, norteno"
My Dad's Gone Crazy,3F14hbIqy1JKKLTb1mzdYV,"detroit hip hop, hip hop, rap"
Designated Drinker (with George Strait) - A Duet With George Strait,1LFlvMkcTuo2TGatsAofqd,country
Put That Woman First,3OQu3z3okKVmWxSXTTHak5,"contemporary r&b, new jack swing, r&b, urban contemporary"
Makin' Good Love,6Q13UWFUuqXLXT7IUVkqM1,"contemporary r&b, r&b, urban contemporary"
Hey Sexy Lady,4u8IPU322yG7mNrqv89GGL,"pop rap, reggae fusion"
Una Lágrima No Basta,2JxVlbujXhX1fEG0QJGqRu,"grupera, musica mexicana, ranchera"
El Chueco Galindo,3nEugNej2Gs6GbEnK0wSnu,"cumbia sonorense, musica sonorense, tecnobanda, tejano"
Is This Love,6JRLFiX9NJSoRRKxowlBYr,"reggae, roots reggae"
Oops (Oh My) [feat. Missy Elliott],5Y0E3dOeynKuLDAXu0t0Bg,"contemporary r&b, hip pop, neo soul, r&b, urban contemporary"
Get Down,2je56j0xuoTi1gYkLLMlJU,"disco, funk, motown, soul"
Prayer,4OSbctVD37ycS0H3rwRm72,"alternative metal, chicago hardcore, chicago punk, hardcore punk, modern rock, pop punk, post-grunge, punk"
Red Ragtop,5xErd5QhOvTKFU7l8dffWC,"contemporary country, country, country road"
You've Really Got A Hold On Me - Alternate Stereo Mix,7ifcJ5DDytGf8aITxmgsLN,"classic soul, motown, quiet storm, soul"
Ring of Fire,6YffUZJ2R06kyxyK6onezL,"arkansas country, outlaw country, rock"
Quiero Saber De Ti,6St9CXbwvRkP9gHgbuC0mY,cumbia sonidera
Don't Mess With My Man (feat. Brian Casey & Brandon Casey),39YovPslPCXbFYhlYjsZ2Y,"atl hip hop, contemporary r&b, hip pop, r&b, urban contemporary"
Runaway,3DK6m7It6Pw857FcQftMds,"chicago rap, hip hop, rap"
Closure,6a8aUhYbaQBUI8PcJ5ZmQ6,pop
Mariposa Traicionera,2zLLGT8WWT1dl73TlVL9qs,"latin arena pop, latin pop, latin rock, mexican pop, mexican rock, rock en espanol"
"Yoshimi Battles the Pink Robots, Pt. 1",0ccCwNzXvr1Yoz91vKz31Z,"alternative rock, chamber pop, indie rock, indietronica, noise pop, okc indie, singer-songwriter"
Feliz Navidad,0oPdaY4dXtc3ZsaG17V972,"latin pop, puerto rican pop"
You’ll Think Of Me,68Iw932AjRCDEPLIzpmOtF,"australian country, australian pop, contemporary country, country, country road, modern country rock"
Dígale,5OKrgU6UuGMp4sGRxv1JH2,"latin arena pop, latin pop, spanish pop, spanish pop rock"
Song For The Dead,66UbHESsyfaXdoxlqVBa1T,"alternative metal, alternative rock, grunge, modern rock, nu metal, palm desert scene, rock, stoner metal, stoner rock"
All I Have,4mnoPyJHlmMYPJsib5tfn0,"hip hop, pop rap"
Do You Call My Name,5w0jXRvylCbWxFrJx2H1Fl,"alternative metal, nu metal, post-grunge"
María Elena,6T7cObHwYZsOhNb8dzGea3,"grupera, gruperas inmortales, musica mexicana, norteno, ranchera"
La Culpa No Tengo Yo,1nJ3cRLFaI5SVns6udIWoG,"grupera, musica mexicana, ranchera"
The Way We Get By,2k6TManBkFAweRUCH6jYny,"alternative rock, austindie, indie rock, modern rock"
Poem,6mxNtI7ZsCI0DySBPUH22p,"classic oklahoma country, modern country pop"
Like I Love You,6W2Ef5Ph6ILTUAedoQ3QIv,"dance pop, pop"
My Name (feat. Eminem & Nate Dogg),24S7rWWB6ohk2j5ABrm5DJ,"detroit hip hop, g funk, gangster rap, hardcore hip hop, hip hop, west coast rap"
Ain't It Funny (feat. Ja Rule & Cadillac Tah) - Murder Remix,5ahFyKndeg1hqfmNumL3WF,"dance pop, pop, urban contemporary"
"Jesus, Etc. - 2022 Remaster",5JuYLzlxsSewBjO4v9a04U,"alternative country, alternative rock, chicago indie, indie rock, roots rock, stomp and holler"
Grey Street,65JmIZCsgkw2mbfobxt1CR,"jam band, neo mellow, pop rock"
Drunken Lullabies,7caiyAewYYoWu5rZZgQWgn,"celtic punk, celtic rock, punk"
Made You Look,0QHEIqNKsMoOY5urbzN48u,"hip pop, pop"
The Big Rock Candy Mountain,6PIEE443qM0IS279RdW24q,traditional folk
Closer,7BKLCZ1jbUBVqRi2FVlTVw,"electropop, pop"
"Bump, Bump, Bump (feat. P. Diddy)",6FTJuZtQZvmPPRFmrcno9J,"boy band, contemporary r&b, hip pop, r&b, urban contemporary"
"I'm Still Here (Jim's Theme) - From ""Treasure Planet""/Soundtrack Version",6BfOhpHADzrvKN2kMPTMPv,
Buried Myself Alive,746bHsY27aWTMYpoxqECOm,"alternative metal, neon pop punk, pop emo, post-grunge, post-hardcore, screamo"
The Tide Is High - Radio Mix,1QhSB9L9M5eZQhW4RNOhXK,"candy pop, dance pop, europop, girl group, talent show"
What's Luv? (feat. Ashanti),2eSJflipjhSKLExuSwuFrO,"bronx hip hop, east coast hip hop, gangster rap, hardcore hip hop, hip hop, pop rap, rap, trap"
"Solfeggio, H. 220",3MHiOpWCWQQgJAplRWxsbJ,"classical, classical era, galante era, german baroque"
Away From The Sun,3THdexHRmED4euIY91Zrxc,"alternative metal, nu metal, post-grunge, rock"
The Seed (2.0),6HxweNytuEQdmGeVtZPZz3,"conscious hip hop, east coast hip hop, hip hop, philly rap, political hip hop"
Here Is Gone,4KqTGPPmXowMPEoShSVOta,"neo mellow, permanent wave, pop rock, post-grunge"
These Days,5tsI3xxDHDgzHhn30LTQNz,"indie pop rap, rhode island rap"
There Is,0WQiDwKJclirSYG9v5tayI,"madchester, new wave, permanent wave, rock, uk post-punk"
First It Giveth,5yprGKAwV1GSJSiATa50Ni,"alternative metal, alternative rock, grunge, modern rock, nu metal, palm desert scene, rock, stoner metal, stoner rock"
Polyamorous,0Cx5QWilR60IyyUvGZQtDC,"alternative metal, nu metal, post-grunge"
Awnaw - All Hooks up Version,37RC87Ce8jeeKmnpYNExhP,dirty south rap
I'm Gonna Getcha Good,3wimPgsJv0hEgP5A3sQ7Ag,"canadian country, canadian pop, contemporary country, country, country dawn"
I Just Died,4ByEFOBuLXpCqvO1kw8Wdm,"album rock, new romantic, new wave, new wave pop, soft rock"
Natural High - Single Version,73etijhz7pV4Wx7GTANLpq,"classic soul, disco, funk, motown, post-disco, quiet storm, soul, southern soul"
What's Golden,3ptikEjKbpbXvJtOosLMuH,"alternative hip hop, hip hop"
Still Ballin' - Nitty Remix,6CMidyjegRGsM2NyEmbuoT,"g funk, gangster rap, hip hop, rap, west coast rap"
La Chica Sexy,2kSIYlXbNK6JQ8F2n8TDLW,"banda, corrido, musica bajacaliforniana, musica mexicana, norteno"
Square Dance,27mgDrExPa3obPAYXd3yQg,"detroit hip hop, hip hop, rap"
You Are My Sunshine (Version 1),10CsMKlayFJOj4Lai9tAvm,"children's folk, children's music, kindie rock"
I'll Be Your Man,7ve0nLuGlLfqw0EbL2UZEV,"alternative rock, blues rock, garage rock, indie rock, indietronica, modern blues rock, modern rock, punk blues, rock, roots rock"
Grindin',3R9j8urSPiBbapNbyuSYkE,"conscious hip hop, gangster rap, hip hop, pop rap, rap, southern hip hop, trap"
Acid Raindrops,4MbV8zrWudQflnbiIzp29t,"alternative hip hop, jazz rap"
California - Tchad Blake Mix,497Fkp3gRiGrRMoqBTDudr,
Es Muy Raro Que Vuelva,3pWddJofLu8xCCbbgBwViy,"banda, musica mexicana, norteno, tejano"
When The Music Stops,73qINA7ccO03wxD8nsJalr,"detroit hip hop, hip hop, rap"
Stop Crying Your Heart Out,0SlpFHdk4UHBDzCEoXzy14,"beatlesque, britpop, madchester, permanent wave, rock"
Cell Block Tango,28Tmk14BdrfaV2YzxpB35c,"hollywood, show tunes"
Better Dayz,5dRCujBQZQq6dlkCaGDMV0,"g funk, gangster rap, hip hop, rap, west coast rap"
Forever And For Always,5eQtR62IZ8P8qZM2pSD9Ip,"canadian country, canadian pop, contemporary country, country, country dawn"
#1,09riz9pAPJyYYDVynE5xxY,"cloud rap, dark trap, new orleans rap, underground hip hop"
I'm Alive,2FTZeRHQ4gRPViPMpWL9uX,canadian pop
Gossip Folks (feat. Ludacris),75DjPjiIp2fvJDjtt41Jfs,"dance pop, hip hop, hip pop, neo soul, pop rap, r&b, rap, urban contemporary, virginia hip hop"
El Sube Y Baja,1cmSizxgLDaGGFriwGzUEM,"banda, duranguense, grupera, musica mexicana, norteno"
"Across the Stars (Love Theme from ""Star Wars: Attack of the Clones"")",3rUMH7i22tlkymhDPOmXUv,"orchestral soundtrack, soundtrack"
8 Mile,5NmL2zxnlt9GiTB2TQbvFM,"detroit hip hop, hip hop, rap"
Vampires Will Never Hurt You,7J4uwuiyWB7BqIcyNdcVRl,"emo, modern rock, pop punk, pov: indie, rock"
Get By,0HXiFFhg287d15ssjFaRZp,"bedroom pop, oakland indie, pov: indie"
Roulette,4sM7v7wyRAuV6ZTO2dvnCA,"alternative metal, nu metal, rap metal, rock"
Orange Sky,2MveOWtavb89Lk09bcPoi8,
Ghostwriter,57sW04ah0nkObZ3Z8WugGK,cali rap
Felina,3QLApyuGYQdSQZTmBXFaSt,reggaeton
Quite Buttery,6um8falqCT0st7YLJlgaWs,"alternative hip hop, jazz rap"
Could You Be Loved,5O4erNlJ74PIF6kGol1ZrC,"reggae, roots reggae"
Sabor a Chocolate,29OzJTIOTjCgR7fLyEXY7u,"latin alternative, latin arena pop, latin pop, mexican pop, mexican rock, rock en espanol"
Daddy Sang Bass,15TITugVC8RrpLctHXOqT8,"arkansas country, outlaw country, rock"
I'm Not In Love,5HQEmiV2lKnSO6qa2fsR7x,"album rock, art rock, classic rock, glam rock, mellow gold, new romantic, soft rock, yacht rock"
Let Go,7cLnbmx7ZUWAwyocrKz3wL,indie hip hop
"Honey, This Mirror Isn't Big Enough for the Two of Us",5gNVTfD1L6QrPgOf0wFo0q,"emo, modern rock, pop punk, pov: indie, rock"
What It Is To Burn - New Version,2DGFNAg4pTPLFKPeQRbGDZ,"emo, pop punk, post-hardcore, screamo"
Wanted Dread and Alive - 2002 Remaster,5jkxC8SIZJ4qqusxRPVS5s,"reggae, roots reggae"
Let The Drummer Kick,4Nrg8EG7wWTiTOumtpw8gk,alternative rock
Gasoline,2IO7yf562c1zLzpanal1DT,"electropop, etherpop, indie poptimism, pop"
Crimson & Clover - Single Version,1vXuYPpkLjn1v06E2EsWQY,"bubblegum pop, classic garage rock, classic rock, country rock, folk rock, mellow gold, merseybeat, psychedelic rock, rock-and-roll"
"Poulenc: Cello Sonata, FP 143: II. Cavatine",6tmzIxHREnZzKSDMm6CNNS,"classical, early modern classical, neoclassicism"
Maria,3XKIUb7HzIF1Vu9usunMzc,"blues rock, classic rock, mexican classic rock"
Amiga Soledad,2cBzuJhVILqkpFAYxHwm64,"banda, musica mexicana, norteno, tejano"
Excuse Me Miss,0ZHu7jkSSrT0eK4OxuG4O5,"east coast hip hop, gangster rap, hip hop, pop rap, rap"
She Loves Me Not,1eRgyfyizDWISeS99kwLNC,"alternative metal, nu metal, rap metal, rap rock, rock"
I Can,5kHMfzgLZP95O9NBy0ku4v,pop
I Will Be Heard,4Lxn1JlGJwmmXpODrNvPA6,"alternative metal, connecticut hardcore, hardcore, industrial metal, melodic metalcore, metalcore, nu metal"
Throw It Up,7MSwclTvW6KLLkTbmw9FUQ,"atl hip hop, atlanta bass, crunk, dirty south rap, old school atlanta hip hop, southern hip hop"
Minutos,0HIoLXQTYfRvsDGifz8cWY,"cantautor, latin arena pop, latin pop"
Punk Rock Princess,07oVZP9Er2Fz8S59ePWLyK,"neon pop punk, piano rock, pop punk"
Young,1KIJclzEbNhSVw8tiHPWwE,newcastle nsw indie
Don't Forget Me,3KCdyM6vGYY4rU15dezvrJ,
Just Want to Praise You,6EstomtQJkk4F0pS6qX5NS,gospel
Buffalo Soldier,7BfW1eoDh27W69nxsmRicb,"reggae, roots reggae"
Run-Around,500Tkm3vJmVtdUwdCVxCTb,"heartland rock, jam band, pop rock, post-grunge"
I Wish I Was the Moon,4PxzGOH79jcmmldKgoI9sB,"alternative country, canadian indie, canadian singer-songwriter, chamber pop, ectofolk, folk, lilith, new americana, outlaw country, singer-songwriter"
Stir It Up,3sqZDdEO5viqNqMCNem5m5,"reggae, roots reggae"
Fuck the System,5hjKYe3NOmWx2NVzVAeIGF,"alternative metal, nu metal, rap metal, rock"
Maestra,6NOgTDhJDbsxGzyseTXe0c,bachata dominicana
Sad Eyes - Remastered 2002,3w3rLh6wmne91BS2rwgcog,bubblegum pop
Broken,2fXwCWkh6YG5zU1IyvQrbs,"pop, r&b, rap"
All I Have,4mnoPyJHlmMYPJsib5tfn0,"hip hop, pop rap"
Rabbit Run,30KKYkJ0lonfKI2eaLACnZ,"detroit hip hop, hip hop, rap"
Pimp Juice,7bYKMJI4z6mApjLhv4hOBM,"dance pop, gangster rap, hip hop, pop rap, rap, st louis rap, urban contemporary"
The Nearness Of You,3HuLpW8NmFFO5GKY8andY2,"contemporary vocal jazz, jazz pop, vocal jazz"
Choose U,2rL8SSmGMbOTXtvKnc6JUr,"hip hop, pop rap, rap, trap"
Driven Under,3pavDZo8o2ctgkVhERSzy6,"alternative metal, nu metal, post-grunge, south african rock"
Dontchange,3DkaXDmC0qaFNAxgLMuwX4,"contemporary r&b, neo soul, r&b, urban contemporary"
Sueña,7EjNvqolyU8YKutApPPwXe,"banda, musica mexicana, norteno, tejano"
Yo Sí Me Enamoré,11Flw4LsEyIvbdM8i1RUCD,"banda, musica mexicana, norteno"
One Love / People Get Ready - Medley,6SR0dDuXH2vtgBfMLrivKV,"reggae, roots reggae"
Necesidad,2t1FroAswYSxsD6FNppejx,"banda, musica mexicana, norteno"
En Qué Fallé,6WNbVxTXPzhitXRUlu3Xqn,"musica mexicana, norteno, ranchera"
Todavia Me Amas,6eB5YDhEiJ2vsNajJP3732,"bachata, bachata dominicana, latin hip hop, latin pop, tropical, urbano latino"
Warning Sign,5Qj0JOPMWKgFBJ0Ln53arY,"permanent wave, pop"
Lost Cause,4191RXFPa7Ge9XkA4cWlna,"art pop, electropop, pop"
Politik,0u35Dpz37TY2M2j20RUdMf,"permanent wave, pop"
Not Falling,15TzkwxGNvM3RGib0YkH4T,"alternative metal, industrial metal, nu metal, rap metal"
Signs of Love Makin',6RYynPLHZLnpwjejfGWpQl,"contemporary r&b, hip pop, r&b, urban contemporary"
Angel,1daDRI9ahBonbWD8YcxOIB,pop
Do I Do,4P91jW5QmEkhoLgdMujp82,"motown, soul"
The Truth,25rV6ArwFMht49oONoqSLQ,"contemporary country, country, country road, modern country rock"
God Put a Smile upon Your Face,4hf0hL4kWyjWztZzVsM39V,"permanent wave, pop"
Jazz Suite No. 2: VI. Waltz 2,0pjCsB0XNSyqM9UazlTODC,"classical, compositional ambient, russian modern classical"
¿Qué Hubiera Sido De Mi Vida?,2jFeVaKwofd1mVk50xSzjg,"banda, musica mexicana, norteno, tejano"
You've Got to Hide Your Love Away,4F1AgKpuFRMLEgtPETVwZk,"beatlesque, british invasion, classic rock, merseybeat, psychedelic rock, rock"
Shadow on the Sun,2uDwRgwGPjXq0oj0hNCuFc,"alternative metal, alternative rock, grunge, hard rock, nu metal, permanent wave, post-grunge, rock, supergroup"
"Jesus, Etc.",5JuYLzlxsSewBjO4v9a04U,"alternative country, alternative rock, chicago indie, indie rock, roots rock, stomp and holler"
Juana La Cubana,1cdpDAE7LHSHviJ73SGuGS,gruperas inmortales
The Road I'm On,2C1m7Lw5cUpFWUkN6Tovik,"alternative metal, nu metal, post-grunge, rock"
Solo Los Tontos,3wo6wYrXayuvuSqZEHmnM6,"duranguense, musica mexicana"
Luv U Better,7cGcyNd7NVvDIwCAQSbJLI,"east coast hip hop, golden age hip hop, hip hop, old school hip hop, queens hip hop, rap"
Our Lady of Sorrows,46mPWQpvSFkXrr5nWoWW74,"emo, modern rock, pop punk, pov: indie, rock"
Forfeit,6ptcVVRn97eAKqUy6kUVK5,"alternative metal, christian rock, nu metal, post-grunge"
A Whole New World,1hwdPQtFHISvZ9SXMkNrIK,"movie tunes, tagalog worship"
Te Sigo Esperando,5H5OO7v1VF1KvAwBDKsaeN,"cumbia sonidera, grupera, musica mexicana, tropical"
Lágrimas,4qo9CljCI7Nn9VmRxC0246,"bachata, bachata dominicana, latin hip hop, latin pop, tropical, urbano latino"
Thoughtless,6HlFxHQ5nn6HYGxOOYIrLm,"alternative metal, funk metal, hard rock, nu metal, post-grunge, rap metal, rock"
Mayberry,04rZkq3ihHmGNfKPgBiTX1,"contemporary country, country, country road, modern country rock"
If You're Not The One,4gJoAvFpDvaeqm2EKYGmhb,"europop, talent show"
I Feel So,1Igy3egsujfV4WphlW0B7K,pop punk
A Box Full of Sharp Objects,6IK1mlU9pJPPjkYD6jrRR5,"alternative metal, neon pop punk, pop emo, post-grunge, post-hardcore, screamo"
'Till I Collapse,4xkOaSrkexMciUUogZKVTS,"detroit hip hop, hip hop, rap"
Nothin',01K4zKU104LyJ8gMb7227B,pop
PDA,286mFeYjBJ9fkioaIzaxoN,"alternative dance, alternative rock, indie rock, indietronica, modern rock, rock"
Easy Skanking,1efuoLEUL1K0D96d63svRO,"reggae, roots reggae"
Grace Is Gone,36ZS04J2JbV1SH4LhbPWyI,"jam band, neo mellow, pop rock"
Ho's,1WsEgieHsWWndAzLkmV105,"art pop, electropop, pop"
El Rey,6P3dT8EkJd0LOyZklOl0Na,"mariachi, ranchera"
Personal Jesus,1xShPgQbOUa98avWJQFDBY,"dance rock, new romantic, new wave, permanent wave, rock, synthpop"
Seven Years,0C71NJD4BhvPopTwI7a8KV,"neon pop punk, pop punk, post-hardcore, screamo"
Esa Pared,2h9MKyF7PmWr99TeuoI8Xt,"bolero, cancion melodica, latin pop, ranchera"
Lamento De Amor,6pYz8bkZvf84S49VWLRHah,"musica tamaulipeca, norteno, ranchera, tropical"
I Need You Now,44q2DhInsQYJ8X1q2H1RNj,"gospel, gospel r&b"
Like This (feat. Eve),3sfydNh0QQAdnIAtDVG16H,"atl hip hop, dance pop, hip pop, r&b, urban contemporary"
Who's Your Daddy?,48OJNxzYVJNYzXDDY1xlnt,"classic oklahoma country, contemporary country, country, country road"
The Plank,191qPeOpllZfaApp35HXK3,"new americana, western americana"
Mr. Jack,4TYI2YExAWaIOpGP4y7AbI,"alternative metal, nu metal, rap metal, rock"
Dulce Mujercita,2GjokMnSVdkNXzuk6uL090,"cumbia sonidera, musica mexicana, norteno, ranchera"
Gotta Get Thru This - D'N'D Radio Edit,747tpec1a0Hfqvj2za1pBs,"europop, talent show"
Eres Mi Religión - 2020 Remasterizado,2H3kc8vwKWtgaDWs0Xw98Y,"latin arena pop, latin pop, latin rock, mexican pop, mexican rock, rock en espanol"
Extreme Ways,5dcUUklOiH01fVEH5pmWRs,"downtempo, electronica"
Rap Game,3WgTbafC5uRpdQdFndQYxE,"detroit hip hop, gangster rap, hip hop"
Blue and Yellow,32GWSQbpg1Ea1MMvl8HN23,"alternative metal, neon pop punk, pop emo, post-grunge, post-hardcore, screamo"
What You Are,4Dz0U7qR4GxIZAOGGEPuTf,"alternative metal, alternative rock, grunge, hard rock, nu metal, permanent wave, post-grunge, rock, supergroup"
Hell Yeah,3QHGfxhjexLaMKGHXagfRs,"glitchcore, plugg, rage rap"
Heavy Metal Drummer - 2022 Remaster,1gRZkx4ePy3zGyZsd1J0dQ,"alternative country, alternative rock, chicago indie, indie rock, roots rock, stomp and holler"
I'm Wishing/One Song,0d2jEkvq1aUlQlpin2slC8,piano cover
Headfirst for Halos,51VwpPzxUd6g94iELptagU,"emo, modern rock, pop punk, pov: indie, rock"
Illusions - Harpsichord Mix,2Bhqg1ONbtcFBTR96H7oQw,"chicano rap, gangster rap, hip hop, rap rock, west coast rap"
Como sufro,6ZSHgXodh3huSt8f78zg1K,"grupera, mexican rock-and-roll, ranchera"
Long Time Gone,0JiX8NsRdCHm8GliFuf97V,"contemporary country, country, country dawn"
Laurita Garza,1kfKyCWFxNp4WHJDcPyYWS,"banda, musica mexicana, norteno"
Perdóname Mi Amor,69tDiG9LD67Dv3601LTO3j,"banda, musica chihuahuense, musica mexicana, norteno"
Amnesia,2CRXFBkRh0V7FZL5kuiqdO,"mexican hip hop, sad sierreno, tamaulipas rap"
Say Goodbye Hollywood,288e3FhmVuCqPmNEfAH0h6,"detroit hip hop, hip hop, rap"
Burndt Jamb,1ytYTPuKbW0NIXb2kgmSVq,"alternative rock, modern power pop, modern rock, permanent wave, rock"
My Paper Heart,5mSVJjVzZEoVrg6amF8udl,"alternative metal, modern rock, neo mellow, neon pop punk, pop punk, pop rock, post-grunge"
Lapdance,6FuAe03bP2SQT4TCDKhuGx,"hip hop, virginia hip hop"
No Tengo Suerte En El Amor,6Yeiqec7xM5qssOH1FWV1g,"bachata, bachata dominicana"
Amores Lejanos,11AnIo9kTnjhtD06y5Zd5O,"argentine rock, latin alternative, latin pop, latin rock, mexican pop, rock en espanol, ska argentino"
I Shot The Sheriff,5uBKhKWTJ4E47rcLQqu3YH,"reggae, roots reggae, ska"
On A Sunday Afternoon,1cM25iyn6zKOfnywTNtvyb,"chicano rap, latin hip hop"
If I Ever Leave This World Alive,6l6UyIBwaNibzWZKfGkmJW,"celtic punk, celtic rock, punk"
Time (Clock Of The Heart) - Remastered 2003,7ct258f3gahMzwbl7VfU2Q,"new romantic, new wave, new wave pop, soft rock, synthpop"
Get Over It,0SLOiJClXkAZluClYpke95,"chicago indie, modern rock, permanent wave"
Así Te Quiero,4u6zS8iQZ7Y6LgW7WXwaLb,"banda, grupera, musica mexicana, norteno, ranchera"
Three Wooden Crosses,1S4fpfX2u0hzFD9vb6FEB6,"contemporary country, country, country gospel, country road"
Drowning Lessons,08VsSDNBuAOwGu8tkpJlSU,"emo, modern rock, pop punk, pov: indie, rock"
I Woke Up In A Car,3kaK1EohdhDXT5ICBMRGkz,"neon pop punk, piano rock, pop punk"
If You're Happy And You Know It,4wU1v9Y6s1NdVTwT4YNTYP,"children's music, nursery"
On My Block,5qPkEnq2wSbnLJTK31mZy4,"conscious hip hop, dirty south rap, gangster rap, hardcore hip hop"
I Don't Give A...,6uWliNGZEZKGMPwSwccdjG,"atl hip hop, atlanta bass, crunk, dirty south rap, old school atlanta hip hop, southern hip hop"
Sideways (feat. Citizen Cope),34DdiMOZFVqMHu0uJ2Vd8a,"blues rock, classic rock, mexican classic rock"
Liberate,2tMLPDIY5H1zICjyDLMXeT,"alternative metal, nu metal, rap metal, rock"
Universally Speaking,39badcyKTjOtBvv4aywpfs,"alternative rock, funk metal, funk rock, permanent wave, rock"
"Brighter Day - Live at Lakewood Church, Houston, TX - June 16, 2000",5qFDlKHNb0v68YSghSY4GK,"gospel, gospel r&b"
Hoy Empieza Mi Tristeza,3SFs98kiGoEnUi5jWx7RL1,"banda, duranguense, grupera, musica mexicana, norteno"
Full Moon,0uwNtbl80CvP4EFio32PYv,
Timberwolves At New Jersey - Remastered,1JFPraHovseDzutd6BOIry,"emo, pop punk, screamo"
Enormous Penis,7dUCFnaGSWLH6SdDP08NLP,"barbershop, comic"
I Ran (So Far Away),4OdhffpvG3HxDJMxYOKh97,"new romantic, new wave, new wave pop, synthpop"
Beauty And The Beast,1h9sbBtqXjji9nnBsxaxNR,piano cover
Evenstar,1TQKEwq4y9SkNciJuisE1m,"canadian classical, canadian soundtrack, middle earth, orchestral soundtrack, scorecore, soundtrack"
Say What You Say,4EQkcrSLF3QdlwNca7sMXY,"detroit hip hop, hip hop, rap"
Where Were You (When the World Stopped Turning),4aOQG9TYcZOhT3sngkMI9K,country
Waiting In Vain,58Zt987fK6gWxtO0MwEzPn,"reggae, roots reggae"
I Could Die for You,3oP2vxUR2bjFCrU9YolGnM,"alternative rock, funk metal, funk rock, permanent wave, rock"
Early Sunsets Over Monroeville,2aHqdN4K9naX3oBuUxp6zf,"emo, modern rock, pop punk, pov: indie, rock"
Untitled,5bBUDJUfGcG7eFy3Bf4fXv,"conscious hip hop, hip hop, rap, west coast rap"
La Reina Del Sur,160gAhKZb7sGKlLwUUk8IX,"musica mexicana, norteno, ranchera"
Feelin' The Same Way,57Uj1R74XAM4cSkgSWgAF7,"contemporary vocal jazz, jazz pop, vocal jazz"
"Get Up, Stand Up",4hLATN2VtjiJ6jLm6V47x1,"reggae, roots reggae"
Without Me,7lQ8MOhq6IN2w8EYcFNSUk,"detroit hip hop, hip hop, rap"
You Look Good In My Shirt,4O4hiA7KxHhzv3s0QIHDlz,"australian country, australian pop, contemporary country, country, country road, modern country rock"
Don't Be Cruel,1MUsWVRPLaC7ANKcEiMRCl,"rock-and-roll, rockabilly"
Al Taller del Maestro,5OX1HvUXMIgUg507al1WbW,"latin christian, mariachi cristiano, reggaeton cristiano"
Walk By Faith,6NXaZTK2rnbA91jOEc3t1h,"ccm, christian alternative rock, christian music"
17,1Y372uxsCkKqNclj2ercap,"gruperas inmortales, musica mexicana, nu-cumbia, ranchera, tropical"
No Me Enseñaste,37QuCMe2SASXrkLm5NhT5m,"latin pop, mexican pop"
Somewhere Out There,6OpoMm8kqOODt7ISNENERJ,
Quizás,2xVueNhj6UehdAPDBWK7DN,"banda, grupera, gruperas inmortales, grupero romantico, musica mexicana, norteno"
Sorrow,5TXQCMKN6TgemTL3c4wRTn,"kentucky hip hop, r&b, rap"
"El Pavido Navido - En Vivo Desde Delfos, Guadalajara/2002",6HH26pfSrXhOvF7Tvy75R5,"banda, corrido, musica mexicana, musica sonorense, norteno, sierreno"
Eensy Weensy Spider,2HSwhGCgp8lac98wc8gkCI,"canadian children's music, children's folk, children's music"
Harder To Breathe,4V9JDRqKjN8F2HWdlEDxvI,pop
You and I Both,2mKjs6s0Z1imKKb6gOk628,"acoustic pop, dance pop, neo mellow, pop"
Across the Nation,6J5u0vxPw9hivRh6iIEbhi,"alternative metal, industrial metal, nu metal"
Fight Test,0ScgmigVOJr2mFsAtwFQmz,"alternative rock, chamber pop, indie rock, indietronica, noise pop, okc indie, singer-songwriter"
3 Gymnopédies: No. 1 Lent et douloureux,7kTVe6XhIveidvkt8nb7jK,"classical, early avant garde, early modern classical, impressionism, post-romantic era"
Come Close,3UhRsQVrELOATEiY7E9X2T,"melodic rap, rap, trap"
Losing Grip,2LA4v20vokK9Uaj7WEEMaf,"canadian pop, candy pop, pop"
Po' Folks (feat. Anthony Hamilton),22F01qwlQDpxjPN8UQFz8n,dirty south rap
Addictive,36jSIOSE72neBbKntCthqw,hip pop
Hoy Te VI Pasar,4Z5KC5Oai5rYP0tXWKRUZr,"bachata, bachata dominicana"
Colors Of The Wind,0S5MCBH1qTVCsckidwvS8G,acoustic guitar cover
I Love the Way You Love Me,6MnDkyb3VstTCT9ELxjfeE,"contemporary country, country, country road"
Undercover Lover,0v1Yt7VZ6Q3qRM7iSHfJn2,jawaiian
Family System,1nrBdOAOF6H5qpWfosJUbF,"alternative metal, christian rock, nu metal, post-grunge"
Hot In Herre,04KTF78FFg8sOHC1BADqbY,"dance pop, gangster rap, hip hop, pop rap, rap, st louis rap, urban contemporary"
Alone I Break,2f1BjAVy4k8B3pB4qBntHj,"alternative metal, funk metal, hard rock, nu metal, post-grunge, rap metal, rock"
"No Woman, No Cry - Live At The Lyceum, London/1975",423hwXFgoN8RYmqLoLuVvY,"reggae, roots reggae"
Someone To Love You,2LrvK045zLQyt4s9n1QSBA,"contemporary r&b, r&b"
Cristo Yo Te Amo,2i3omjTIX5Q16rKnF6fGlL,"latin christian, latin worship"
Run To The Sun,4Bjwyj8KM85xblkSt5A24j,"hip hop, virginia hip hop"
Lose Yourself,5Z01UMMf7V1o0MzF86s6WJ,"detroit hip hop, hip hop, rap"
Sick Of Being Lonely,0rBzABScu9c6D1Juislm2z,"atl hip hop, dirty south rap, old school atlanta hip hop"
Recuerdos,2QE8R10kBgZkgosYsrChT7,"banda, banda jalisciense, musica mexicana, norteno, tecnobanda"
Quise,79tl7Pjwj9jcqJRFnBZ8B1,"grupera, musica mexicana, ranchera"
When You're Gone,0U1W2LZVUX7qTm7dDpqxh6,"canadian pop, pop, viral pop"
Letters To You,1lldOhIq1tf0XyQUBWDeOc,"emo, pop punk, post-hardcore, screamo"
Red Beams and Rice,4Nix3wBLniuvWt1y1TMtgd,"chicano rap, latin hip hop, texas latin rap"
Halo,4JehYebiI9JE8sR8MisGVb,"pop, r&b"
You Belong To Me,2STy18bfCVP8v6aOu2CliZ,nashville sound
Just Around The Riverbend,6P316E7tFylzpVrDrXVF9s,movie tunes
Hands Clean,2LVxvGhl2U5p2ql2ujc6vZ,"canadian pop, canadian singer-songwriter, lilith, neo mellow, pop rock, singer-songwriter"
Paradise,6nek1Nin9q48AVZcWs9e9D,"permanent wave, pop"
You Can't Take Me,30uLviIQ59DMggZOC2VNpo,"canadian pop, canadian singer-songwriter, classic canadian rock, heartland rock, mellow gold, soft rock"
Echo,32fmwlkq7srmOAb5N0vdyj,stutter house
I Hung My Head,3iBemYZi4lw53UYDlxqMlw,"arkansas country, outlaw country, rock"
I'm Your Puppet,5z71EfouOWMI4HHZHEjnkr,"classic soul, northern soul, southern soul"
Living For The City,1O1mCVN5hue4lOOqd5EysZ,"motown, soul"
I Need A Girl PT II - Album Version (Edited),3nc26BadAx1ovvrzxcj80x,"dance pop, east coast hip hop, hip hop, hip pop, pop rap, rap, trap"
"I Need a Girl (Pt. Two) [feat. Ginuwine, Loon, Mario Winans & Tammy Ruggieri]",0sMIqkhsrKaIU3G1WwlY2X,"dance pop, east coast hip hop, hip hop, hip pop, pop rap, rap, trap"
Suspicious Minds,1H5IfYyIIAlgDX8zguUzns,"rock-and-roll, rockabilly"
Brooklyn Kid,3bqYHUih1TEpYCr1WPg8Kv,"classic oklahoma country, oklahoma country, outlaw country, red dirt"
Fuck the Pain Away,0NWWDumjD2TCrR6iV6ZFgR,"alternative dance, dance-punk, electroclash, escape room, neo-synthpop, new rave"
Can't Hold Us Down,0cv1Mnb47oMvjVKMc2cyZw,"dance pop, pop"
When We Ride On Our Enemies - Briss Remix,5XI5tzAbzrhkGtLukDTDSG,"g funk, gangster rap, hip hop, rap, west coast rap"
Can't Help Falling In Love,44AyOl4qVkzS48vBsbNXaC,"rock-and-roll, rockabilly"
System,5aO9gzffBoElavmuQKDxgB,"pluggnb, rage rap"
Se Mamó El Becerro,3cpBfqMWR414bbh8Q0ZlYW,norteno
El Amor No Acaba,04CTkeKYarZAC3LEYpsTDK,"banda, musica mexicana, norteno, tejano"
Nada de tu amor,3N7oZZG0sPkdBITPI7LwYf,"grupera, mexican rock-and-roll, ranchera"
Love Me Tender,1cm6DumMSwqKuxZdRjorAl,instrumental lullaby
Feel,0d28khcov6AiegSCpG5TuT,"alternative hip hop, modern rock, rock"
Shoot The Moon,6Ji1sHZczmntLaTrQa1uLg,"contemporary vocal jazz, jazz pop, vocal jazz"
Every Breath You Take,1JSTJqkT5qHq8MDJnJbRE1,"album rock, classic rock, permanent wave, rock"
Azul,2lCkncy6bIB0LTMT7kvrD1,"reggaeton, reggaeton colombiano, trap latino, urbano latino"
Un Montón de Estrellas,2Xg030uYjEA9FNiSKbD3R8,"salsa, salsa puertorriquena, tropical"
All The Things You Are,6LPqphk2rbt2i63bR2o247,"bebop, contemporary post-bop, jazz, jazz trumpet, vocal jazz"
Emotional Rollercoaster,7IsSXaTgBu8ChPx9jLgx28,"contemporary r&b, neo soul, r&b, urban contemporary"
Up!,5zA8vzDGqPl2AzZkEYQGKh,"album rock, classic rock, heartland rock, mellow gold, piano rock, rock, singer-songwriter, soft rock"
One Piece at a Time,1sueD22EyCamMjdQu9Kuo3,"arkansas country, outlaw country, rock"
Get Off My Back,3d5m9pAfgKSqMsn3kX1J2P,"canadian pop, canadian singer-songwriter, classic canadian rock, heartland rock, mellow gold, soft rock"
Duele Verte,0BGjGnyzTgdLi1zxnsMGDc,"cantautor, latin arena pop, latin pop"
And I,4XAAxqgd94HLvDQWc0EkDa,pittsburgh rap
Six Days - Remix,5j3QqRGflS4o5jbsFSwKW1,"downtempo, electronica, instrumental hip hop, trip hop"
B.O.O.T.,39sTsvAvcEsiyM6sLaffIV,"reggae fusion, reggae rock"
Mitad y mitad,0zQQZYD7Nb80dyIYebSqNN,"banda, musica mexicana, norteno"
Juggalo Homies,5WuvsVJcKm6Gr8XEFBbCeB,"rap rock, viral rap"
The Impossible,5vyVckEUyIogu3Fq7J3lBR,"arkansas country, contemporary country, country, country road"
Treinta Cartas,7pAUPye8Lip2VnKmnzRiHD,"banda, musica mexicana"
Don't Dream It's Over,7G7tgVYORlDuVprcYHuFJh,"australian rock, permanent wave"
Fear No Evil,537HmLcT2Qf5x4W7Z4AxZ7,"chicano rap, latin hip hop, mexican hip hop, texas latin rap"
"Mi Amiga, Mi Esposa, Mi Amante",6AgSJsbx0DRnH0jIwDVOGF,"musica tamaulipeca, norteno, ranchera, tropical"
A New Day Has Come - Radio Remix,5fkDD7aQLUmMy1EwzNm0ZB,canadian pop
"Rudy, A Message To You",4WKQHFv4KqIehRBb3V3a9p,"early reggae, rocksteady"
Three Postludes (1981/82): Postlude No. 3,2ZrF3UfwS50CKE8jQQVjWj,"ukrainian classical, ukrainian classical piano, ukrainian contemporary classical"
Mississippi Mud,6D7P6KUScLkN2IcTu1tbSA,"cowpunk, outlaw country"
City Of Angels,6ap9lSRJ0iLriGLqoJ44cq,cali rap
The Ketchup Song (Aserejé) - Spanglish Version,6UEfyhyfhYQsyipxOd95Ie,
It Ain't Nuttin',3t2qNn63zKaCT1pYyMPIoR,"downtempo, electronica, trip hop"
Cloud Connected,0dHogHUS4xgLOoFBt0ko1j,"alternative metal, gothenburg metal, melodic death metal, melodic metalcore, metal, nu metal, swedish alternative rock, swedish death metal, swedish melodeath, swedish metal"
A Rush of Blood to the Head,4JJ5zGKnb1IpERyBrfmb1y,"permanent wave, pop"
Stella was a diver and she was always down,4tZdPxjFCZepceY2iuoeKp,"alternative dance, alternative rock, indie rock, indietronica, modern rock, rock"
La Paga,2VRArF8Mnmi1dHiHr1DlNE,"colombian pop, latin pop, mexican pop, rock en espanol"
Iatola,28DmL4rDQvqZVqvVzVfkQa,"chicano rap, latin hip hop, texas latin rap"
"Punky Reggae Party - 12"" Version",1WgOedf4pKmgepml1CMW6o,"reggae, roots reggae"
In da Wind,4TJ56OkWrnf2fv2a6T69DL,"crunk, dirty south rap, miami hip hop, southern hip hop"
Luto En Mi Alma,75losSBec1tZJmJb4pzURW,"grupera, ranchera"
Remember,5naar7XewEOAjOywIp6Jjq,pov: indie
I Am Mine,79pY2Z5eFvXMt9bSdHLrnA,"alternative metal, alternative rock, grunge, permanent wave, rock"
They Don't Give A F**** About Us,4mfc9g4VHf8e7mVLiPEsrq,"g funk, gangster rap, hip hop, rap, west coast rap"
Perfect Man,115a4lQhDJGnu4QVSa8bUW,"classic k-pop, k-pop, k-pop boy group"
I Don't Have To Be Me ('Til Monday) - Single Version,5v1bA7NmQcQHvH9IDkeeF4,country road
The Man Who Sold The World - Live,15VRO9CQwMpbqUYA7e6Hwg,"grunge, permanent wave, rock"
A Little Less Conversation - JXL Radio Edit Remix,3j4viUIDSuB4xfYYlp3Lpa,"rock-and-roll, rockabilly"
Still Frame,114bGIxUrj6vnZwWEfEdMP,"alternative metal, nu metal, post-grunge"
The Rising,2czBvzOv3TvnyoW7Ozo7fP,"heartland rock, mellow gold, permanent wave, rock, singer-songwriter"
Fame,0MlStRTOPQZLbjgKTTBzu4,"bc underground hip hop, country rap, maga rap"
Forsaken,2KhEVY9OrCbk1SqmYpVWhH,
Where The Stars And Stripes And The Eagle Fly,1tTZM7LUDkxcykOVVIGW4W,"country, country road"
Godspeed (Sweet Dreams),1zpIpaDCv77z6zN2fHNTW9,"contemporary country, country, country dawn"
Here I Am - End Title,0gJBPDy458wPeWGHei3TvO,"canadian pop, canadian singer-songwriter, classic canadian rock, heartland rock, mellow gold, soft rock"
Part-Time Lover - Single Version,798bKohvGZenetnHsKzUC6,"motown, soul"
En el 2000,2cVJwPD5CaTx2kBZyomzGN,"cantautora mexicana, latin alternative, latin pop, mexican pop, rock en espanol, veracruz indie"
Ordinary Day,4OfPkmTcjIbax0QgwBRx3m,chicano rap
Y Me Quedé Suspirando,3w1zJpurtqHAllY2olNtia,"banda, musica mexicana, norteno, tejano"
B R Right (feat. Ludacris),7iKXO3oCFiiZRniwAJaGa4,"contemporary r&b, dirty south rap, hip pop, miami hip hop, r&b, rap latina, trap queen"
Punk Rock 101,1RxLSgcsZimzKnpCLzdVsi,"neon pop punk, pop punk, texas pop punk"
Why Don't You & I (feat. Chad Kroeger),43LdgobPlcCc5g9Kmactvy,"blues rock, classic rock, mexican classic rock"
When the Last Time,0EXm0iaB0CzqtsB3VaupXj,"alternative hip hop, hardcore hip hop, hip hop, southern hip hop, virginia hip hop"
Drips,7io19rjxOFu3pGuZgBI6Pk,"detroit hip hop, hip hop, rap"
Fiesta Cumbiambera,0shyNPN3qd4FSXqqiwbP04,"chicha, cumbia, cumbia salvadorena"
My Last Serenade,2Ps4FrDiR6JcJfSZbXAPBz,"alternative metal, boston metal, melodic metalcore, metalcore, nu metal, post-grunge"
La flaca,2LsbizbOeNa4x6qsi2jAMb,"latin alternative, latin rock, rock en espanol, spanish pop, spanish rock"
Deadbolt,5Kj6WCM3ZNak8s8DCh95XX,"post-hardcore, screamo"
Tangerine Sky,2U30Cro2IHiKNJTiNb4Wqd,"horrorcore, rap metal, rap rock"
A Dream Is A Wish Your Heart Makes,6E5By4xxtTgxOP4JfP1CvX,piano cover
Move Bitch,1Q9b6CeMcDuO0uq5OJCrqu,"atl hip hop, dance pop, dirty south rap, hip hop, old school atlanta hip hop, pop rap, rap, southern hip hop, trap"
A Quien Le Importa,0R5da1qbsZ8juxK3Dm8XCw,"latin pop, mexican pop"
There's No 'I' In Team - Remastered,5GDhZIimrLEJAgV7zVshSG,"emo, pop punk, screamo"
Slept so Long,7AUjDtvBKzMif7i9rBH6o9,
Waitin' On A Sunny Day,7vIyudiO2Tr9hZ2yzfwQmx,"heartland rock, mellow gold, permanent wave, rock, singer-songwriter"
Smells Like Teen Spirit,5ghIJDpPoe3CfHMGu71E6T,"grunge, permanent wave, rock"
Take My Life,6iJ0ZVoJK3E1Byn8Z3XF9R,"ccm, christian alternative rock, christian music"
Perdido,00BGdjJtZDJVHsFKCfNBuo,"latin hip hop, puerto rican pop, reggaeton, trap latino, urbano latino"
Diamonds And Guns,78oeeGkqmsr6r6AlW0x69d,"punk, ska, ska punk, skate punk"
Bubbles,5omEMx0Bie26DZN39Z6qbk,trop rock
Hechizo De Luna,5qjSPrKTBqYpgVJSTcgKTd,salsa
Starry Eyed Surprise,6A4Kuy7JL0Znab3Skgloiv,trance
All Right Now,1gcESexgftSuLuML57Y69q,"album rock, blues rock, british blues, classic rock, hard rock, progressive rock"
A Cambio De Que,1iJZqqaAWseXEzCkSW1UI2,"latin pop, ranchera"
Nueve y Quince - 9: 15,1LitgN2tFmNVEtLY6qh5SZ,"bachata, bachata dominicana, latin hip hop, latin pop, tropical, urbano latino"
On the Dub-ble,1pWAOjPUV6rrGcmLJaXgPR,"downtempo, electronica, instrumental hip hop, japanese old school hip hop, trip hop, turntablism"
Skylines and Turnstiles,3VqJUdav5hRAEAvppYIVnT,"emo, modern rock, pop punk, pov: indie, rock"
Can't Stop,3ZOEytgrvLwQaqXreDs2Jx,"alternative rock, funk metal, funk rock, permanent wave, rock"
Another Irish Drinking Song,3QxgOiZSkuyq7hALKV3fJa,"barbershop, comic"
Satisfy My Soul,5Uv1YNz6uBepPLDdoFANKQ,"reggae, roots reggae"
You Know That I Love You,5QiTs0egWAq0k2O8HWKoEP,"contemporary r&b, r&b, urban contemporary"
El Chuma,2PIiJygHejQqFLmOjmKgpJ,"cumbia sonorense, musica sonorense, tecnobanda, tejano"
Será porque te amo,04Xdk7F9HgyHBcAwO7KE3F,classic italian pop
By the Way,1f2V8U1BiWaC9aJWmpOARe,"alternative rock, funk metal, funk rock, permanent wave, rock"
Murder On The Dancefloor,4tKGFmENO69tZR9ahgZu48,"dance pop, europop, new wave pop"
Maldita Primavera,5sLDGXH1gGKZeOeo9tcfDv,"latin pop, mexican pop"
Flesh Into Gear,3JwRNyUYy89ynTQoYefjhn,"nu metal, rap rock"
Big Machine,4u0mNH2fqIoeeyGff3NLrx,"neo mellow, permanent wave, pop rock, post-grunge"
"13 Pieces, Op. 76: No. 2. Etude",4StypY6VnE9BqgqQ0ni1tg,"classical, finnish classical, impressionism, post-romantic era"
Zou bisou bisou,4qqf1avpzRUnVowNQd1jFw,ye ye
Amsterdam,7iQmjnDXYngWGsbjVnDc1U,"indie folk, pop folk, stomp and flutter, stomp and holler"
La Ventanita,30RgZM0hngr1UOy4rs7WYf,"merengue, tropical"
Por Eso Está Conmigo,2gB1aIidmaeWBapZuqr4xg,
You Read My Mind,7clQlmRcKRDWXWu9vmYexQ,smooth jazz
Así Es la Vida,3q2aVABxuztNi3iS6h6qdB,"latin alternative, latin arena pop, latin pop, mexican pop, mexican rock, rock en espanol"
Hearts on Fire,5vI0C3TDTxySR6Oq8NWjE0,heartland rock
Surrender (feat. Boney James),3XS01xqHzkICimJBDwy0iA,"smooth jazz, smooth saxophone, south african jazz"
Tu Sabes Bien,5dxTcyXweSV3tAQkRDldwd,"bachata, bachata dominicana"
Somewhere On Fullerton,7qPYC9z7FSJIjDc3V2tBix,"chicago punk, pop punk"
The Last Song,2vLgTJ8YADmKDvrfkrUCaJ,"alternative metal, modern rock, neo mellow, neon pop punk, pop punk, pop rock, post-grunge"
Leif Erikson,0whlogyhf1AejBU72KNv38,"alternative dance, alternative rock, indie rock, indietronica, modern rock, rock"
Noche No Te Vayas,5PG0KLm66uabwKFWSGNe5U,"bolero, bolero mexicano, guitarra mexicana"
Smoothie Song,0ETiP5S8lbp8w6O7hc70Kk,"bluegrass, instrumental bluegrass, mandolin, progressive bluegrass"
Fabulous,6jyXQ8HGI7ikECGA0670uo,"movie tunes, west end"
Speed,5VxmI3IdgAxWVvUnJoLuY2,"art pop, candy pop, metropopolis, pop, uk pop"
Where I Wanna Be,2uZwyxrg6VPvlVsvclIfel,"contemporary r&b, r&b, urban contemporary"
"Yo, Ho! (A Pirate's Life For Me) - From ""Pirates of the Caribbean""",6tUvgPmLtjy2VnfqxKQpEH,
The Streets - Re-Twist,5a251qN4R86hro8UZGuO4E,west coast rap
Get Low,0r2Bul2NuCViraT2zX1l5j,"atl hip hop, atlanta bass, crunk, dirty south rap, old school atlanta hip hop, southern hip hop"
I Still Believe,2UvrcTdxrrDGszXONI5G91,"ccm, christian alternative rock, christian music"
Graveyard,2ufmtcIFdFpuUYBPXK5f67,"electropop, etherpop, indie poptimism, pop"
Sufrir,5hFkKLE06GhSuqoLJR2oP7,"grupera, mexican rock-and-roll, ranchera"
Qué Puedo Hacer por Ti,0QqFvqQ9Lujnc7QaYBEw09,"banda, musica mexicana, norteno"
Matamoros Querido,0ZrptJWS6dYhcv7j8ncrmf,"musica tamaulipeca, norteno, ranchera, tropical"
Return to Sender,3uwIoa2emQILz6BmH6MtiW,"rock-and-roll, rockabilly"
Things I'll Never Say,3nH2w4Q9yths31lC9C26fT,"canadian pop, candy pop, pop"
The Only One For Me,29z6nESQsLBgtJkUXOJvGN,"contemporary r&b, quiet storm, r&b, urban contemporary"
Take Me Away,0jSfQJjEPrcVHr6f7x3D8X,post-grunge
Make You Feel That Way,4TlYG3mKosVWfGbb9VfDh3,"alternative hip hop, hip hop"
No Que No,72KBDC6feOjHbiQ3x1jJ2N,"mexican hip hop, trap mexicano"
No Me Acostumbro,0TJehV8X01sPTJqMNRV2v3,"salsa, tropical"
Smile,4ZC8hXXqu2hPcDLw9QTdtQ,"country, pop rock, post-grunge"
Can't Help Falling In Love,44AyOl4qVkzS48vBsbNXaC,"rock-and-roll, rockabilly"
I Wanna Luv U,3l8pXh8xpOF8aC5N61uVn6,chicano rap
El primer tonto,6y5GaZRI2cy2RKz9B3drTe,"banda, musica mexicana, norteno"
Butterflies - Demo,17SLKNcZHfggqIkVHD08e5,"british soul, contemporary r&b, hip pop, neo soul, new jack swing, r&b, urban contemporary"
Slacker,2UgCRfbt0gafXbUDyMmnqh,"detroit hip hop, kansas city hip hop"
True Love,06JvOZ39sK8D8SqiqfaxDU,"chicago rap, hip hop, rap"
Change (In the House of Flies),51c94ac31swyDQj9B3Lzs3,"alternative metal, nu metal, rap metal, rock, sacramento indie"
Don't Take Your Guns to Town,0p7QF136UOOUHnyU8CuZra,"arkansas country, outlaw country, rock"
Toda la Noche,5AdH7YPhpK5zUz5Buz08zF,rock urbano mexicano
Up! - Red Version,5oqiovQufNFDhA2PpvsaCF,"canadian country, canadian pop, contemporary country, country, country dawn"
Highway Song,0R5nPSbAqQoNjKBByWnN95,"album rock, classic rock, country rock, hard rock, native american traditional, southern rock"
Blue Skies,1OtgKfkArIaanXT140hSmQ,stomp and holler
You're the Inspiration,36lkJSDyMEZoWTqtRj8Q8q,"album rock, classic rock, mellow gold, rock, soft rock, yacht rock"
Boom!,3opVsyWVYEAFK9bJAG8Opa,"dance pop, pop, pop rap"
The Last Shanty,69HEUcXd73lvnQVb34m53L,"pirate, shanty"
Devi Prayer,5nP0d0eDMJ1wIaR9VNYz50,"kirtan, meditation"
You Know How I Do - Remastered,7zqyhEbjAajHuvH2Icn1Hr,"emo, pop punk, screamo"
Dejaría Todo,79mdw3IznNCFsF7R9O2KGz,"latin pop, puerto rican pop"
Santa Baby (with Henri René & His Orchestra),1foCxQtxBweJtZmdxhEHVO,"torch song, vocal jazz"
Mi Linda Raquel,3gkjixuqZ5l7rsjVEoof0e,"grupera, gruperas inmortales, musica mexicana, norteno, ranchera"
Don't You Forget It,7vKYuqKAySUizIkcAl4Oal,"canadian pop, contemporary r&b, neo soul"
La Equivocación,67foWfrFF0pHYh7H0XQuBl,"musica chihuahuense, musica mexicana, norteno, norteno-sax"
Mi Amante,5bX4DfCjAI8ORKWLX2iiOJ,"banda, corrido, musica mexicana, musica sonorense, norteno, sierreno"
Y Como Quieres Que Te Quiera,0lupD4hTJaH9h3SHMGymIK,"classic sierreno, cumbia sonorense"
Feel It Boy,6KUI3A3jmZ0cGLDzOT41lX,"dancehall, jamaican dancehall, reggae fusion, soca"
Acá Entre Nos,2FDFz5TuYlpP180AUicAcl,"mariachi, ranchera"
We Both Reached For The Gun,2L7E2IsUbGiGqT9aSehkID,hollywood
What's Left of the Flag,5dDDlK2uYeRo0DmvJGfIDW,"celtic punk, celtic rock, punk"
What Happened To That Boy,20Sp7dNLM3NjIu3TInDqjq,
Busted,2kM7fxFNAtA7lo4nAS2Hvj,movie tunes
Getting Late,0khnsS3vcqT6qngEhZCk4c,"british soul, contemporary r&b, hip pop, neo soul, new jack swing, r&b, urban contemporary"
A Esa,7IJuVH1YPmWEKemtZigmHK,"cancion melodica, latin pop, ranchera"
Yo Quería,7yYN70n6NTdA3NCHfdbKn1,"latin arena pop, latin pop"
Cubicles,0Unc6GaK4h3RXmUbUAvtdc,"emo, modern rock, pop punk, pov: indie, rock"
Pasito Duranguense,3rHsX3TLPYixr7eGzRlZqI,"banda, duranguense, grupera, musica mexicana, norteno"
Quelqu'un m'a dit,5lIOhDGfy2lQJWWwxBm8L4,chanson
Getaway Car,0VE4kBnHJUgtMf0dy6DRmW,pop
Big Star,2qWVIatUtl2xMCHEvn4j7j,"art pop, metropopolis, nz pop, pop"
Obstacle 1 - 2012 Remaster,2urZOEgVXM7rj59Ui0FuNn,"alternative dance, alternative rock, indie rock, indietronica, modern rock, rock"
Stormtrooper,7cUHFTxJhxtZ5tpY34SMRw,"power metal, swedish metal, swedish power metal"
Jailhouse Rock,452KBpASS5lZLeJWX9Ixub,"rock-and-roll, rockabilly"
Ten Feet Tall,2ldAdghnrO34HPcZ0IWfTu,"big room, dance pop, dutch house, edm, electro house, pop dance, progressive electro house"
Jungle,7JXZq0JgG2zTrSOAgY8VMC,"canadian hip hop, canadian pop, hip hop, pop rap, rap"
It's Goin' Down (feat. Mike Shinoda & Mr. Hahn),7qFEFcjmSAtODGtLYqraCq,"scratch, turntablism"
La Muerte del Garrote,5hxkeQ1A1A9zDVX8jRmbK4,cumbia sonidera
Whatever,6Qn5zhYkTa37e91HC1D7lb,"modern rock, pop, rock"
Montego Slay,6WBzCRqjK96aKBvKiIyiZO,"alternative hip hop, jazz rap"
Con el alma desnuda,3ygMmqvFVsihwcfx7hWAXf,"bachata, bachata dominicana, merengue"
Boombastic,4fxF8ljwryMZX5c9EKrLFE,"pop rap, reggae fusion"
Days Go By,2jwaErbghhcia4JqUYWz3g,"australian country, australian pop, contemporary country, country, country road, modern country rock"
Uoon II,6B8uUGXbyeZdLZDeslWOho,"abstract idm, drone, glitch, intelligent dance music"
Only Hope,6dOzblcXKWBpZt6uGwC8z8,"dance pop, idol, neo mellow, post-teen pop"
Elevator,2oLwDI8tZUOh6SmTMRRfKs,"atl hip hop, dirty south rap, hip hop, old school atlanta hip hop, rap, southern hip hop"
Imma Tell,46t7etd7A3T5K1BDsw9Fjc,"detroit hip hop, kansas city hip hop"
The Game,2wGSgTmgSF3xjRrHkTc25R,"detroit hip hop, gangster rap, hip hop, pop rap, rap, southern hip hop, trap"
With Arms Outstretched,0EKUJ4OqrNWaHpNPODNTaf,"chamber pop, funktronica, indie pop, indie rock, la indie, lilith"
半島鐵盒,4XjGz4IxIJ6tYk9tDIid8w,"c-pop, mandopop, taiwan pop, zhongguo feng"
El Mensajero,3JxCHQHvao3OO5x7gGiral,gruperas inmortales
Loco Soñador,7ppO8gj93EZACk3L8vGhgn,"cumbia sonidera, grupera, musica mexicana, tropical"
"Serenade for Strings in E Major, Op. 22, B. 52: IV. Larghetto",3o9br9LskOEbwc5irxfHqR,"classical, czech classical, late romantic era"
Secret,2xB46Bj9HZ4cr058yN4Pla,"melodic rap, rap, trap"
Amor De Novela,2wsm9wpiX9W7gpa5crYs9l,"cumbia sonidera, musica mexicana, norteno, ranchera"
Warmness On The Soul,018zT8xThRbMH2QeUoMlKQ,"alternative metal, nu metal"
It's Now or Never,1XunTmhOcj3xwh4b8P3isX,"rock-and-roll, rockabilly"
This Is the Best Day Ever,1mWMGKUaL7EyYIIveqlKC0,"emo, modern rock, pop punk, pov: indie, rock"
Poison,5NijSs5dAwaIybq1GaRTIe,"r&b, rap"
Songbird,2sPAGHRdKQPaiteLLWC89D,"album rock, classic rock, rock, soft rock, yacht rock"
Not Meant for Me,3WzS1MVC8QYTqfAmcPVyVZ,"industrial metal, nu metal"
Te la Tiro Pa Que Bailes,4y9Yn8z2cUVvmSPFMEVirk,perreo
Bandages,2g5LoRqCf0dDycdXbT8Pfi,alt z
All Is Full of Love,3rrtbnOBDzKQfyYKTezEFe,"alternative rock, art pop, electronica, experimental pop, experimental vocal, icelandic experimental, icelandic pop, icelandic singer-songwriter, metropopolis, permanent wave, trip hop"
The Beach House,1AGMpKtewRCfXJ0yUZp4qn,"chicano rap, latin hip hop, texas latin rap"
Sound The Bugle,5GK4ax71sSIokiNEZsND3d,"canadian pop, canadian singer-songwriter, classic canadian rock, heartland rock, mellow gold, soft rock"
The Sky Is Fallin',3hoUASQwAAUwpQGXH8VioM,"alternative metal, alternative rock, grunge, modern rock, nu metal, palm desert scene, rock, stoner metal, stoner rock"
Keep Fishin',1ljTFrbwY1ojpfd6bAmPTZ,"alternative rock, modern power pop, modern rock, permanent wave, rock"
We Ready - Remix,0i7Lec22TEo0Nkf0I7bvI5,atl hip hop
Graveyard Disciples,0xm1xsvrnjmc5D7vmXuOZb,"alternative metal, groove metal, hard rock, metal, nu metal"
Ni Dada La Quiero,4AplGNlqrFDyxkCM27gSCl,"banda, musica mexicana, norteno"
Rational Gaze,5uqr3lCMWkyQx6yTvoMl4F,"alternative metal, djent, groove metal, metal, nu metal, progressive groove metal, swedish metal, technical groove metal, technical thrash"
Drift Away,0RFgvrhkf9FiDRLA0BhzpZ,"country, pop rock, post-grunge"
A Whisper,7KolrFGhfDi1JTSgQBT5sI,"permanent wave, pop"
Ay! Papacito,3DCtZsugr1hf5YNvykBn7j,"grupera, ranchera, tejano"
Inevitable,78dbqYDvx6FOefROApu9w0,"colombian pop, dance pop, latin pop, pop"
She's My Kind Of Rain,599y8O5L7DicaGwm1KUdrX,"contemporary country, country, country road"
In My Life,3KfbEIOC7YIv90FIfNSZpo,"beatlesque, british invasion, classic rock, merseybeat, psychedelic rock, rock"
"The Wonderful Thing About Tiggers - From ""Winnie The Pooh And The Blustery Day"" Soundtrack",26pgDPmuZy1dmC14jxAdA0,movie tunes
Feels Like Home,2AQFlNmYMr2LBn5fMh5FqY,"indie folk, stomp and holler"
Como Duele El Frio,2QcUxndr7skMMHLElnl4Bo,vallenato
You Already Know,4zcMBfbQZvBSHQBGDd6gsN,indiecoustica
Road To Perdition,1ybtJbR4ARqmjl6dD2VtYU,"orchestral soundtrack, soundtrack"
The Golden Age,1bGas968flWbyqIdVqlHt4,"alternative rock, anti-folk, permanent wave, rock"
A.D.D. (American Dream Denial),7gZX4vZqjJJWsdosIB0h6P,"alternative metal, nu metal, rap metal, rock"
Redemption Song,26PwuMotZqcczKLHi4Htz3,"reggae, roots reggae"
Overture/And All That Jazz,3cGmUgp7hF5Eb8NyuEmtCA,"hollywood, show tunes"
"Welcome To Atlanta (feat. P. Diddy, Snoop Dogg & Murphy Lee) - Coast 2 Coast Remix",3ITVXdr8HopCwbl0zSolCB,"atl hip hop, contemporary r&b, dirty south rap, hip pop, r&b, southern hip hop, urban contemporary"
Ymca,7Cp69rNBwU0gaFT8zxExlE,"disco, new wave pop, soft rock"
Curly Locks,1Rn8r2fbWCJhUbCGHimH0t,"dub, lovers rock, old school dancehall, reggae, rocksteady, roots reggae"
Hook,6Ac4NVYYl2U73QiTt11ZKd,classic swedish pop
Pitiful,1TTOAw90zzNWKnUgzzcvZW,"christian metal, christian rock, swedish alternative rock"
I've Got To See You Again,15UqRQqmOTK7DzzA235r3e,"contemporary vocal jazz, jazz pop, vocal jazz"
Great Romances Of The 20th Century - Remastered,3c8n08bk0XGdL3HKro1kpD,"emo, pop punk, screamo"
What's This? - From “The Nightmare Before Christmas” / Soundtrack Version,0U5KyiC7CJjTGlB7RhPI3x,"orchestral soundtrack, soundtrack"
Ego Brain,2HVCLZ6dMDelXhloO5sAjV,"alternative metal, nu metal, rap metal, rock"
We'll Meet Again,6WdcvzQADmrL8nucimUV6r,"british dance band, music hall"
La Carencia,1v3rQg6uPY6AnOY5TtxN7I,"latin alternative, latin rock, mexican rock, rock en espanol, ska mexicano"
Por El Amor A Mi Madre,1yUJiZMgB0dDBET4al9Bmn,"gruperas inmortales, musica mexicana, nu-cumbia, ranchera, tropical"
Real Good Man,4ns2xaym21aBOOUN1vaBPJ,"contemporary country, country, country road"
Devil In Jersey City,14fcbToPrshMsN1IY8CKvE,modern alternative rock
I Should Be...,7qZWCIgHBgjyuUBOnGnD9k,"contemporary r&b, r&b, urban contemporary"
回到過去,7aGklaoRXNcuufJQGsly0X,"c-pop, mandopop, taiwan pop, zhongguo feng"
I Miss My Friend,0qnoS5hMZMphvKWi0D2LQh,"country, country road"
Understatement,4191ROqtYiS10furYDAv05,"easycore, neon pop punk, pop punk"
Home,4iz9lGMjU1lXS51oPmUmTe,"chicago rap, hip hop, rap"
This Magic Moment,4vBDAxKllafwCMDWD76atv,"adult standards, doo-wop, rock-and-roll, rockabilly, soul"
Cada Dia Mas,3JGkx0qK6mh7O7qz9zCLXM,"banda, corrido, musica mexicana, norteno, sierreno"
Innocent,12nBPF4Rh4XLFJV0YLN7uj,pop
Single Life,5ISCPV5GnIYbtvVrPohEm6,"disco, funk, motown, new jack swing, p funk, popping, post-disco, quiet storm, soul"
Exploder,68aNm1vMglmMicHwdf2krv,"alternative metal, alternative rock, grunge, hard rock, nu metal, permanent wave, post-grunge, rock, supergroup"
Romance,1dr9fQuYZ6NtGuVqdMOTw1,"deathcore, metallic hardcore, pennsylvania hardcore, progressive deathcore"
Mala Gente,4QLPUyOsRUTnoW8h7HFbZX,"colombian pop, latin pop, mexican pop, rock en espanol"
Heavy Metal Drummer,1gRZkx4ePy3zGyZsd1J0dQ,"alternative country, alternative rock, chicago indie, indie rock, roots rock, stomp and holler"
Skin,3B3eOgLJSqPEA0RfboIQVM,"chamber pop, eau claire indie, indie folk, melancholia, modern rock"
Heaven's a Lie,0I7y3aEavUHgkt4aCreBDa,"alternative metal, gothic metal, gothic symphonic metal, industrial metal, italian gothic, italian gothic metal, italian metal, nu metal, slayer, symphonic metal"
Escape From Hellview,6BEE3SzKTrULdE7H3OUN8r,"nu metal, rap rock"
Dreaming of You,5EL8hqM8YQJHKKnzGdahly,"mexican pop, tejano"
Pop! Goes the Weasle,1i1ASYqFn21tmtJbdD8CLL,"nursery, preschool children's music"
Still Ray,4y4ilhWm4BcoWs7o5VsI3R,"funk, neo soul, soul"
Daylight,1odExI7RdWc4BT515LTAwj,gen z singer-songwriter
El Jorongo,01DCNRAshp4w1JvX8LhsgV,"cumbia sonorense, musica sonorense, tecnobanda, tejano"
She Only Smokes When She Drinks,5N2ybHaC9tqFvYxGj70haX,"arkansas country, contemporary country, country, country road"
Floetic,21z6OpNQIS9qD7xyty7OeR,"british soul, contemporary r&b, hip pop, neo soul, new jack swing, r&b, urban contemporary"
Down 4 U,21iEEekDSvQjVARSQ4dpXY,hip pop
Fiend,5YCEVdLLSFPnhfma05qx7o,"alternative metal, industrial metal, nu metal, rap metal, rap rock"
Hanging Tree,0CCCRAKJHgvhMK3RzsisiI,"alternative metal, alternative rock, grunge, modern rock, nu metal, palm desert scene, rock, stoner metal, stoner rock"
4-2-0,5Xmd6a5oogdxEhfZ5hP8Sz,"horrorcore, rap metal, rap rock"
Maybe Memories,4I4uCtlWg6I7OyuGZE4wqn,"alternative metal, neon pop punk, pop emo, post-grunge, post-hardcore, screamo"
Melody,6u9Gh3BiATWFQL345SVd8n,
You're the One,70kdJnm1X6eEM8DbWa8Mnc,"alternative r&b, escape room, indie soul, lgbtq+ hip hop"
Dilemma,0ARK753YaiJbpLUk7z5yIM,"dance pop, gangster rap, hip hop, pop rap, rap, st louis rap, urban contemporary"
Maria Teresa y Danilo,5D1P4P7IxymGprWdbaq8N4,salsa
Ain't That A Shame? - Remastered 2002,4U2b99X9hSSDjPbHCpIeJj,"louisiana blues, new orleans blues, piano blues, rock-and-roll, rockabilly"
El Hidrocalido,3FIVe9hvchhWeZEVqYwrj7,"banda, musica mexicana, norteno"
Ape Dos Mil,1IqKlSMBlwWF0kxY2fBstA,"emo, long island punk, post-hardcore, screamo"
El Abandonao - Versión Censurada,35FN09m6f6QFTH8AETRWJ5,"latin alternative, latin arena pop, latin pop, mexican pop, mexican rock, rock en espanol"
Reunion of Friends,0rpSIjKSmZ2SFO6vmLJpXl,"orchestral soundtrack, soundtrack"
Big Eyed Fish,2t34JLaa7IMm07Ut0Z1Vi7,"jam band, neo mellow, pop rock"
The Sun,63k361zOGEhmvgzBdzzSGP,indie rock
Let It Flow,721JFWNhbSfIUUJl86Ox12,
Trad Velecido,2DoXFrKYIup384UYpd5LBn,"abstract, deep idm, drill and bass, intelligent dance music"
Oh No,4sNwdacKyi2S26WrRtNama,"metropopolis, pop, pov: indie, uk alternative pop"
El Amor De Mi Vida - Ranchera,0StFIUoongxcaeOG9LuGSl,tierra caliente
Heroes - Single Version; 2002 Remaster,0drIOvDnBMUHKDXWPLecqk,"art rock, classic rock, glam rock, permanent wave, rock"
When You're Good To Mama,550YyHm9PWX2BlcVk2IayG,"conscious hip hop, east coast hip hop, golden age hip hop, hip hop, new jersey rap"
Tall Cans In The Air,16ZatpXeth34Nygl9wzNKc,"punk, ska, ska punk, skate punk"
Through It All - Live,1skwrorvmVfVZgR7i3UGOm,"ccm, christian music, world worship, worship"
Al Ver Que Te Vas,3HLF4QPmlIO9AIj4XcCpic,ranchera
Gonna Leave You,5taBpQ59lvb2NLGDdbDQbB,"alternative metal, alternative rock, grunge, modern rock, nu metal, palm desert scene, rock, stoner metal, stoner rock"
暗號,1GuvP2zN3hTMTaf991GVc0,"c-pop, mandopop, taiwan pop, zhongguo feng"
Get It Together,4eDCsyIHTSu3cQZ5wDIyP7,"contemporary r&b, girl group, hip pop, r&b"
Brazilian Rhyme,21AnCQUMUBi2YzgHR4wU1M,"disco, funk, jazz funk, soul"
I Surrender,2oIJcLFfmcNNaNpMJzBUwG,"ccm, christian music, world worship, worship"
Nüguns,0ognkBvJqaov2gWDgaMzvz,"alternative metal, nu metal, rap metal, rock"
Si Te Preguntan,20yLo8tCAM1LXixAdBf3f2,"bachata, latin hip hop, latin pop, urbano latino"
Talkin' To Me (Edit),72Oh7sKJUEINkQnoPO4kHS,"contemporary r&b, hip pop, neo soul, r&b, urban contemporary"
Ya Viene Amaneciendo,3d05ZdQpFOePHDM7jqp2nc,"grupera, gruperas inmortales, musica mexicana, norteno, ranchera"
Busted Stuff,5P9LkYrT5FdkhsDJ7fSKNa,"jam band, neo mellow, pop rock"
Pictures,1tuwC1Ob5vnYZhvg3zyzJg,"new wave, permanent wave, rock, uk post-punk"
Bartender,1RGIjMFMgJxkZHMDXVYzOJ,"dance pop, gangster rap, hip hop, pop rap, r&b, rap, southern hip hop, trap, urban contemporary"
Set It Off,6Efmq0wDgijxWFdBkzIOvb,"baton rouge rap, dirty south rap, memphis hip hop, southern hip hop, trap"
Say Hello to the Angels,1I3XuGIh2qluBSUknDyA62,"alternative dance, alternative rock, indie rock, indietronica, modern rock, rock"
"He Reigns / Awesome God - Live at Lakewood Church, Houston, TX - June 16, 2000",2vWWqwrLHAc1th3bR5O4Uv,"gospel, gospel r&b"
El Ayudante De Lino,2EpBjRXbfrLSQQNaLLEwvC,"cumbia sonorense, musica sonorense, tecnobanda, tejano"
Dope Nose,741oLronOsunwlx4MSZ6YY,"alternative rock, modern power pop, modern rock, permanent wave, rock"
On My Own,0F4FejjWi3bf5vGOkuQwPS,dark r&b
(Ghost) Riders In the Sky,3I1vEQhGwRK7URrTq4BqNl,"arkansas country, outlaw country, rock"
"Basketball (feat. Jermaine Dupri, Fabolous & Fundisha)",2SrXt0JJEX9PfVSZuJ6dqg,"dance pop, dirty south rap, hip pop, pop rap, r&b, rap, southern hip hop, trap, urban contemporary"
A Better Son/Daughter,1OrBPFs8yLkT02aLiloHQs,"chamber pop, funktronica, indie pop, indie rock, la indie, lilith"
Smoke & Mirrors,2C1nOw1nRxJaBWb9I1x05A,"electronica, instrumental hip hop, jazztronica"
A Ver Si Capea,1seRvngYgRfDeCbIkJOMQK,"banda, musica mexicana, norteno"
Just The Way You Are,7BqBn9nzAq8spo5e7cZ0dJ,"dance pop, pop"
Letters To God,1pU1mucfoUalVw9apwnDhh,pop punk
Cuando Parará La Lluvia,6eQUjx96Gob2WwetawPBMQ,
Streamline,4YtuhhgpKwckVZNGzjpxBh,"alternative metal, nu metal, rap metal, rock"
Eres Mi Religión,2A1izwuHiZjoxyH6y6W0U4,"latin arena pop, latin pop, latin rock, mexican pop, mexican rock, rock en espanol"
La madrague,5nnvTjA5yzhHlmVOVoGT49,"chanson, ye ye"
A Little Less Conversation - JXL Radio Edit Remix,3j4viUIDSuB4xfYYlp3Lpa,"rock-and-roll, rockabilly"
Mi Bombom,29ET4ONM7UGb5fIbLfHoDK,"colombian pop, latin pop, reggaeton colombiano"
I Melt,6J2rMSRhgb4HuX6dWgM3nJ,"new romantic, new wave, new wave pop, synthpop"
Freeker By the Speaker,0bTar7V90X1FBXnCEzfPNr,"jam band, jamgrass, progressive bluegrass"
Riot Girl,2KMDfsg8GNxW5Y6CJ4KLBL,"alternative metal, modern rock, neon pop punk, pop punk, pop rock, post-grunge"
El Poder De Tus Manos,4ZhvLAPvtgJkk6RBBqJCUq,"banda, musica mexicana, norteno, tejano"
Upward Over the Mountain,7fLBwcH8ixVT0kD5KFqfu7,"acoustic pop, chamber pop, indie folk, indie rock, stomp and holler"
Arboles De La Barranca,3Oa31DdD8vxktKoyUf7RyZ,"banda, musica mexicana"
The Chosen Ones,7FQvFYg88JndjHvd5tBxwI,"melodic metal, power metal, speed metal, swedish heavy metal, swedish power metal, symphonic metal"
Amor Eterno,2TC4v9YiuQYk3Tk8RH7fV4,"cancion melodica, latin pop, ranchera"
Where Have You Been?,5WQQIDU3HRaMyPkob8mpFb,"barbadian pop, pop, urban contemporary"
Us Against the World,0sHSFzglnJ1b9mILzQ7ifJ,"indie soul, indietronica, uk contemporary r&b"
Krwlng (Mike Shinoda Reanimation) [feat. Aaron Lewis],1Hg2egRryMkCdXqXmXki3A,"alternative metal, nu metal, post-grunge, rap metal, rock"
Te Metiste En Mi Cama,3oa7hDzs7XxbDUW86RkLEL,"musica mexicana, norteno, tejano"
Shout To The Lord - Live,0Oc66EMBHjUaKD7yuSePmb,"ccm, christian music, world worship, worship"
Ángel de Amor,2DEQZTIRhAOeENsgqbmNWS,"latin arena pop, latin pop, latin rock, mexican pop, mexican rock, rock en espanol"
I Wish I Wasn't,5nNBgRYDCMmczYXKsdpLCG,k-pop
Supersonic,7gCuKTyBb5nurNalzs0Hvp,"brostep, complextro, edm, electro, pop dance"
Pints of Guinness Make You Strong,00NNd1BFzQQzZe4UcvZIzB,"folk punk, gainesville indie, orgcore, punk, skate punk"
"Hosanna - Live at Lakewood Church, Houston, TX - June 16, 2000",7H7uouUOWcBHnBJkAf77Tm,"gospel, gospel r&b"
Cold Cold Heart,4cOtcRXI3a2v1gEsI1Meeo,"contemporary vocal jazz, jazz pop, vocal jazz"
World So Cold,0LPx8WfsRrXCF92YtINFtN,"alternative metal, canadian metal, canadian rock, nu metal, post-grunge, rock"
Hayling,5ewsTJzfU5eiBLcGlaSrpG,
Me Tiraste Al Mar,4x0fsFljh9cbNLQTZxCov1,vallenato
Fall Into Me,7Lv78wiIJcKgND9Zi7AIOt,singer-songwriter pop
No debes llorar,3x7Y3tjRKwV0EHEDPkUBfB,"grupera, mexican rock-and-roll, ranchera"
Y Tú Te Vas,6MfTJv3Pj2quERcabit7VV,"banda, duranguense, musica mexicana, norteno"
A Day At The Races,2MERKuoczzjTDqEbgsB48J,"alternative hip hop, hip hop"
La Loba Del Mal,6chFGW4L9I0YQX6Es2Jkd9,"banda, corrido, corridos clasicos, musica mexicana, norteno, sierreno"
Palomita De Alas Blancas,0Vx8j4stjp6Mycjqyc7eRO,"musica mexicana, tierra caliente"
Get Inside,2hX2v0U5lKSlxVxnesLEak,"alternative metal, nu metal, post-grunge"
Come Away With Me - Alternate Version,4yaoi2yin0n9WHaGFPcszQ,"contemporary vocal jazz, jazz pop, vocal jazz"
The Way We Ball,5FEBritagmW6iAy5wL5uXg,"crunk, dirty south rap"
Special Death,5kRgOJD7wN77OHjiGhkpjL,olympia wa indie
World So Cold,0LPx8WfsRrXCF92YtINFtN,"alternative metal, canadian metal, canadian rock, nu metal, post-grunge, rock"
Run Free,1oIdcFtf58sZbS7QyZQJ2P,tropical house
Memphis Will Be Laid To Waste,7qwqtk58ZpQjlGM8WFIrt7,"american metalcore, christian hardcore, christian metal, deathcore, melodic metalcore, metalcore, post-hardcore, screamo"
Ay Hombe,6hlmfSjhKSWuZDujvW7p74,"vallenato, vallenato moderno"
Dilemma,0ARK753YaiJbpLUk7z5yIM,"dance pop, gangster rap, hip hop, pop rap, rap, st louis rap, urban contemporary"
Bleed for Me,0YYpiRYHqxXxs3CBPvUrNR,"alternative metal, groove metal, hard rock, metal, nu metal"
The Best Ever Death Metal Band in Denton,4AtUqjDgRO2S3jBzAjRvh7,"anti-folk, chamber pop, folk punk, indie rock, lo-fi, melancholia, new weird america"
El Capo Del Desierto,1XSxnI4RaRAUIpPUP8WPwX,"cumbia sonorense, musica sonorense, tecnobanda, tejano"
Ladybug Picnic,0zlGhWct8YTTMV4N9s8Rwl,"children's folk, children's music, kindie rock"
Dame,4KDgQ8Qd0UWK3KkYZPwNtP,"corrido, musica mexicana, sad sierreno, sierreno"
En Un Solo Corazon,57vy6nyP7Fyd8ZTvskxlNh,cumbia sonidera
Touch Me,4BVE5tIIpYabZcYCbephNW,"acid rock, album rock, classic rock, hard rock, psychedelic rock, rock"
This Is Where I Belong,6QWniaitONimLqysaA6cwe,"canadian pop, canadian singer-songwriter, classic canadian rock, heartland rock, mellow gold, soft rock"
Summertime Thing,4mhGypdjd234FSSAWTzo6T,"alternative country, alternative roots rock, roots rock"
Hokey Pokey,1FUUFMaoXeRUb2SwVyx1D1,
House Party,1TwLKNsCnhi1HxbIi4bAW0,"contemporary country, country, country pop, modern country rock"
Not Falling,15TzkwxGNvM3RGib0YkH4T,"alternative metal, industrial metal, nu metal, rap metal"
Main Title,2q6fxAvSpqXR4jx9Ne7RGz,"german soundtrack, orchestral soundtrack, scorecore, soundtrack"
Roxie,7nOhijGWNbwBpzmQ6XqLRG,hollywood
The Long Day Is Over,2V473qE28Ky0ixp2qc7dgz,"contemporary vocal jazz, jazz pop, vocal jazz"
I'm a Playa,2hnTGEeWAh9UHIjpMsPiFf,"detroit hip hop, kansas city hip hop"
Lonestar,6qc34bnVOyqGDPni8H5W0U,"contemporary country, country, country road"
"Suite Bergamasque, L. 75: III. Clair De Lune",1cmigB9I6IRpFqjIbzvSQB,"classical, impressionism, post-romantic era"
Ameno,7mfvOqsvzZaUl7sfbcNk4E,gregorian dance
Here I Am,67yGTWcR72BZvsrSS2dHST,"dirty south rap, gangster rap, hip hop, rap, southern hip hop, trap"
Through The Rain,0mvtBgpiAg6fPg7ec7lxE9,"dance pop, pop, urban contemporary"
The Gates,5q3U3cXNtPvbBZAL2bKmbO,"barbershop, comic"
Anything but Ordinary,6STHWwMa2vbr1nKArQH7hd,"canadian pop, candy pop, pop"
Broken,2fXwCWkh6YG5zU1IyvQrbs,"pop, r&b, rap"
No Dejes Que,5nzEilkVhvnCD0xpW3raTy,"latin alternative, latin pop, latin rock, mexican rock, nu-cumbia, rock en espanol, rock urbano mexicano"
Falling Apart,0aIW3ekrhK1eh3BYCh11op,"german pop, talentschau"
Wondering,1OG7o5af3ILKrFkp7pvvb0,
Dam Dadi Doo - Nightcore Single Mix,4vFX0oXbHfwfbtZ6lN27zK,nightcore
GodLovesUgly,76xfSfbw0byLqMHykJyPru,"alternative hip hop, conscious hip hop, minnesota hip hop"
The Kiss - Skit,2J3CYFUn6eAuHz5S9IKape,"detroit hip hop, hip hop, rap"
Can't Stop Loving You - 2016 Remaster,2W6PNGCN4PGwPMf1jYazL4,"rock drums, soft rock"
Torero,2es7AohVgF03LwjmQyaVMl,"latin pop, puerto rican pop"
Not Gonna Get Us,6SmWHBXVdL14zir3Vzk0jH,"dance pop, girl group"
"Baby, I'm an Anarchist!",0uSwAqfR6cBDj5BRP6L3Vx,"folk punk, gainesville indie, orgcore, punk, skate punk"
Allah Aleik Ya Seedy,2vknxlulbj1JApedTlmrZv,"arab pop, classic arab pop, egyptian pop"
Hound Dog,64Ny7djQ6rNJspquof2KoX,"rock-and-roll, rockabilly"
Jussa Playa,4NK2rjxpiH8rB9DqUaAqHC,"alternative hip hop, jazz rap"
This Is the Place,7rZyDbQOxfTRslKbNJKLLR,"alternative rock, funk metal, funk rock, permanent wave, rock"
明年今日,4UD5xrQI4nKftCje1y5Te9,"c-pop, cantopop, mandopop"
Perseverance,5OCjo8Jflrl4RRN5oL6fWf,new age piano
Head On Collision,11edIhzFAjPEVbZ92LQKwT,"easycore, neon pop punk, pop punk"
Battle Ready,7J9tkRgN26YmIHXl4fnVlp,"alternative metal, groove metal, industrial metal, nu metal, rap metal, slayer"
Dirty Heads,4t3DzCUERhLUTaU6eF86Mr,
Cat Like Thief,10L9QSNEWilHgaEzfi6NgB,pop punk
Hay cosas inolvidables,5Hjuu63Z7WiQ6hUYx9nTXl,"grupera, mexican rock-and-roll, ranchera"
No Dejo De Amarte,6eEzI5OarCjup6Fegaw9Oi,"grupera, musica mexicana, ranchera"
Put It On Me,2FWeNvUo79OeiHWoR1bUsO,"baton rouge rap, rap"
Cayman Review,2XXGM19E3Zp32Tkr0S4vEA,jam band
One of These Mornings,40uSorT6zwd0J0ZyRnDsux,pov: indie
Lloviendo Estrellas,5b00r2xveYfVIOExZJJ395,"latin arena pop, latin pop"
Awnaw (feat. Marcos of P.O.D.) - Rock Remix,4HWTg4I0u0oQ6kK1s3Ihti,dirty south rap
You Can't Hide,32filOsmivxaFHKLX6Ixth,"otacore, pixel"
God Is In The Radio,1dVWz4VM5QkgzHLjFEKM4u,"alternative metal, alternative rock, grunge, modern rock, nu metal, palm desert scene, rock, stoner metal, stoner rock"
Lover I Don't Have to Love,2wXZeaK0rXF3qrs7ernZ2L,"chamber pop, indie rock, melancholia, omaha indie, stomp and holler"
Pts.Of.Athrty - Jay Gordon Reanimation,0T7fLoDpZcSFYybJ3xXtgd,"alternative metal, nu metal, post-grunge, rap metal, rock"
Painter Song,4Zd7V4DsYsa2TwBWus5sCM,"contemporary vocal jazz, jazz pop, vocal jazz"
In a Little While,0vyVsDtLIJmq3kV3oz66dr,"irish rock, permanent wave, rock"
Edge Of The Earth,4Zy6m1QjUivLl8Zt7E8uxr,toronto indie
NYC,6loDuwmsq6fazVxqqRhmcp,
La Burra Tuerta,2L0tsEBOsMHrPAiUUFkoqV,"chicha, cumbia, cumbia salvadorena"
Voy A Conquistar Tu Amor,1RbjmUfYA4rH0OXpS1JvYx,
"It Ain't Me, Babe",7hJBjMGJHHQ4cR4Jhzp1d1,"arkansas country, outlaw country, rock"
ヒカリへ,1lZeqR3QZExwywt1Fwh90J,
¿Cómo Evitar?,7s8LqL8DbFaUh2bWFLhR2g,"banda, musica mexicana, norteno, tejano"
Bridge Over Troubled Water,6l8EbYRtQMgKOyc1gcDHF9,"classic rock, folk, folk rock, melancholia, mellow gold, rock, soft rock"
Thetawaves,6l17lK6a9LFqhOfh770wWg,"alternative metal, nu metal, rap metal, rock"
Breathe In,2ctvdKmETyOzPb2GiJJT53,"album rock, art rock, classic rock, progressive rock, psychedelic rock, rock, symphonic rock"
Life by the Drop,1cyftogE58xHzSgb77zcsn,"album rock, blues, blues rock, classic rock, electric blues, hard rock, heartland rock, instrumental rock, rock, texas blues"
"Hold Me, Thrill Me, Kiss Me, Kill Me - From 'Batman Forever'",5TsHqbDKaSs4ECZX0045YS,"irish rock, permanent wave, rock"
Imaginary Places,3k04M45DYWlXBBW2bo4T8b,"abstract hip hop, alternative hip hop"
Escúchame,7nUNPOp8ubzlitLi1CwGp7,merengue
Spokesman,22yk17jzpiaWLvCQxA3U0A,"pop punk, punk, ska, skate punk, socal pop punk"
Bulimic,7F3siFl1KHijy9icZP3Idd,"alternative metal, neon pop punk, pop emo, post-grunge, post-hardcore, screamo"
...Y al final,3LR1Ienv3nT4S8gbsie6bA,"latin alternative, latin rock, mexican rock, rock en espanol"
My Town,5M8oqeozsjPMSXbkjo0SyD,"contemporary country, country, country road"
"Chopin: 24 Preludes, Op. 28: No. 15 in D-Flat Major ""Raindrop""",4q8f3Ls32PcXE8Ks4V1ufx,"classical, early romantic era, polish classical"
Para Qué La Vida,4ZwU8VMYnkigKVJgSgTBtK,"dance pop, latin pop, mexican pop"
Nightingale,3uC8zTgiujbXzfjqDWIqVa,
The Voice Within,42JgHvkBiAc5ivo0gvVRvQ,"dance pop, pop"
One Flight Down,19o4ndOJPZoIixFDMfi8C0,"contemporary vocal jazz, jazz pop, vocal jazz"
Como Quisiera,7sWn6PH8e0VhEOhmN3PUDW,"grupera, musica mexicana, ranchera"
I Will Always Return,0hkppOIXAfknRGYr34sLgy,"canadian pop, canadian singer-songwriter, classic canadian rock, heartland rock, mellow gold, soft rock"
Constantly,7LNc35QrDpp3tn7bI2e4Qa,"classic oklahoma country, oklahoma country, outlaw country, red dirt"
Uh Huh,6lF9MVbhNfe0EZcACAdaFM,"alternative r&b, dance pop, metropopolis, pop, r&b, urban contemporary"
Cuando Tu Cariño,1eVAsvppzlVxt1BK3JbCLJ,"musica tamaulipeca, norteno, ranchera, tropical"
Antemeridian,2GpENjtemCplZEcaUxc4by,"alternative hip hop, jazz rap"
Modern Love - 2002 Remaster,5oVIQ3vm2eRC566cEheDOV,"art rock, classic rock, glam rock, permanent wave, rock"
Fawkes the Phoenix,1m4ZjbibTvvmYIJyXAIuxv,"orchestral soundtrack, soundtrack"
Freedom,28suql59B0WWfWtL3rZfDy,"black americana, contemporary country, country road, modern country rock"
Suddenly - Xanadu/Soundtrack Version,1W9Xk8b7uJgbe76sOZhHYf,"adult standards, australian dance, disco, mellow gold, soft rock"
Guitarra,2ToTCM42XytROqwKptTeqN,"bachata, bachata dominicana"
So Tired,486SOuxGXX6CFNMwFXlGZs,phonk brasileiro
I Know What You Want (feat. Flipmode Squad),0YImOCkIJ2PWhCXaURCZnY,"east coast hip hop, hardcore hip hop, hip hop, pop rap, rap"
Someday We'll Know,5X0zqWSaSnulsbf74CrljV,pop rock
Cool Rasta,6ov8WwVdJz9HLRyTaNubqk,"dub, reggae, rocksteady, roots reggae"
Gots Ta Be,63MKNIWCCxtqnehwFhmYqp,"boy band, contemporary r&b, hip pop, r&b, urban contemporary"
De Antes,3aZQgYCIcO2OQHU7bPvt5R,"latin alternative, latin rock, reggae en espanol, rock en espanol"
All Systems Go,48aeM2uXRzERwpVreuDfgx,pop punk
My One And Only Love,0uPkCpuoERqrkBL06Art50,"bebop, free jazz, jazz, jazz saxophone, vocal jazz"
No Me Se Rajar,7AwZAlZqOgYbmg9KoHFFi8,"mariachi, ranchera"
Poetic Tragedy,58sdfzX722CMoU7m0s5dUi,"alternative metal, neon pop punk, pop emo, post-grunge, post-hardcore, screamo"
The Phantom Of The Opera,4EaBMhUIOfnFEbIgqCfKbi,"broadway, west end"
Perdoname,6yLqoieklk9gwabLaUDJ4s,
If Tomorrow Never Comes,0OzYhueF403FBct7orzGEg,"alternative metal, metal, post-grunge"
El Disgusto,0vA1gLV8JuwnCVgBNsSWFs,"banda, musica mexicana, norteno, ranchera, tejano"
Nubes De Algodón,4MXSawspjcR4uvjcWxa0hS,"banda, grupera, gruperas inmortales, grupero romantico, musica mexicana, norteno, tejano"
American Cliché,11NxziJYS3ZUZjO5n7pCAz,"alternative metal, alternative rock, grunge, industrial metal, nu metal, post-grunge"
Kamera - 2022 Remaster,2mEbKc2mhLIZFLIscrUhKY,"alternative country, alternative rock, chicago indie, indie rock, roots rock, stomp and holler"
Enth E Nd (Kutmasta Kurt Reanimation) [feat. Motion Man],50xYqUTVCvoqRLuyWFuG3r,"alternative metal, nu metal, post-grunge, rap metal, rock"
I Will Always Return - Finale,6kfmDM4aiBhmQV3Zogiew0,"canadian pop, canadian singer-songwriter, classic canadian rock, heartland rock, mellow gold, soft rock"
Naive,2RUhtNBh43RtSg0WBPPq3m,"brighton indie, garage rock, modern rock, rock"
Are You Lonesome Tonight?,4xUqqie4bBKufHtlMuZS3k,"rock-and-roll, rockabilly"
Do It Again,2LXISHBkx8FyoxCBkckh19,"album rock, classic rock, country rock, folk rock, mellow gold, rock, soft rock, yacht rock"
Hold On,2aSC2xhRxOLiiZZVjhbylH,"canadian hip hop, canadian pop, hip hop, pop rap, rap"
Summertime,7eOuUmpnHBlg5zsm8Cs7c3,"classic oklahoma country, modern country pop"
Exodus,1EkGymegVqvUNUJyvS2hcK,"cloud rap, dark trap, new orleans rap, underground hip hop"
Rockstar,0e7ipj03S05BNilyu5bRzt,"dfw rap, melodic rap, pop, rap"
Magic,2Yer0p7uB2lVBUAtANuuQp,
Thug Lovin',2EhZdDMJBk529B7I57vJb8,"dance pop, east coast hip hop, gangster rap, hip hop, hip pop, pop rap, queens hip hop, rap, urban contemporary"
Post Script,0XxaJChXTfqNkIOqlYmNOw,"emo, pop punk, post-hardcore, screamo"
Up And Go,7dhyG5sdLYlvR7uwDKa1fH,"emo, neon pop punk, philly indie, pop punk, screamo"
Love You Down,7tjbm60E0t7SerbiG61cce,atlanta bass
"Serenade No. 12 in C Minor, K. 388: II. Andante",2jTXrav9Voj0FpdT2yUIuH,"classical, classical era"
A Jackknife to a Swan,3ACootvH04F2BAESYT3R13,"boston punk, boston rock, punk, ska, ska punk, skate punk"
Air Force Ones,7kAFSrTIOiVZ0gnHBuAH3l,"dance pop, gangster rap, hip hop, pop rap, rap, st louis rap, urban contemporary"
Vuela Muy Alto,0eqBksNtQKA2InVkEfRB6L,"latin pop, puerto rican pop, salsa, salsa puertorriquena, tropical"
Trusty Chords,48KXO9gBcRTrzWVQx1ET3r,"emo, folk punk, melodic hardcore, orgcore, skate punk"
Battle,1hWYT0w2R0J19rlVkiez7X,"chicago rap, conscious hip hop, hip hop, political hip hop, pop rap, rap, southern hip hop"
Mentiroso,2pOkvQHdkBmIicUQNKMH8A,"dance pop, latin pop, mexican pop"
One More Sad Song,0Rwus5Q8b3ZTRDpY1Dwvrb,"alternative metal, modern rock, neo mellow, neon pop punk, pop punk, pop rock, post-grunge"
Satisfaction,6k5DKQMC96daK6fSvAxdQv,"big room, dance pop, edm, pop, pop dance"
No Voy A Llorar,0GeR6j3KxDNkLgjRbNgYxm,vallenato
All Outta Ale,7BR8gWAmH0NSEgLG5aVqww,"alternative hip hop, east coast hip hop, hip hop, instrumental hip hop"
Just Like Water - Live,4GedwOz9QDga5UI6n1wUPW,"alternative r&b, conscious hip hop, hip hop, neo soul, new jersey rap, r&b, soul"
Hurricane,6xHI9KjUjYT0FPtGO8Mxa1,"contemporary country, country"
The Bullet,5pnjFG0695iwvR9qsnfTSk,"new americana, western americana"
"Waltz ""Katzen Blut""",12O2dJnKs2icf8uKqfIyEm,
Nuestro Amor,7F7qwp7VZRVwZsNoddRRgX,latin pop
Give It Up,3yDhZq8f17SmumVmEyCaRN,"disco, mellow gold, new wave pop, soft rock, soul"
Antologia,0KAqMRUSZwzG3dZLdDA4eH,"colombian pop, dance pop, latin pop, pop"
Mighty River,2pWLzxRYMR53uC95fRzJbe,"jam band, jamgrass, progressive bluegrass"
As We Seek Your Face,2p7z7KQ1PCeuB4rVThxojE,classic praise
Am I The Same Girl,6NVzt2cA5Mgjd3pQjU1xwD,"chicago soul, classic soul, southern soul"
Cities In Dust - Single Version,0LvH53IYMdkQ2VHanpCiBi,"alternative rock, dream pop, new romantic, new wave, post-punk, punk, uk post-punk"
Fall In Love,0rCFRyEy4WXjRXNpO80Dzs,"contemporary country, modern country pop"
Long Ride Home,1v76gn29TvpZg2areWXbxP,"ectofolk, folk, lilith, singer-songwriter, women's music"
(Marie's The Name) His Latest Flame,4qbLOU1T7xgTH87eUSkvJ1,"rock-and-roll, rockabilly"
Untitled #3 - Samskeyti,1QUiA9aecDOOnf32A9ZrtW,"chamber pop, compositional ambient, dream pop, ethereal wave, icelandic rock, indie rock, melancholia, nordic post-rock, post-rock"
Baila Mi Cumbia,3qwilMBYqprmwsD0BHOsFV,"grupera, gruperas inmortales, musica mexicana, norteno, ranchera"
React (feat. Redman),4psCG36I4hy1h3qgG6o03m,"hardcore hip hop, hip hop"
It's Tricky,6jBCehpNMkwFVF3dz4nLIW,"east coast hip hop, golden age hip hop, hip hop, old school hip hop, queens hip hop, rap"
Immortal,4IO8X9W69dIQe0EC5ALXhq,"atl hip hop, hip hop, rap, trap"
Perro Malagradecido,4eJukTdGlIenMtS9ak1rQh,"banda, musica mexicana, norteno"
Orphée Suite: VI. Orphée's Return,1NYElq76ajtGZWEOubEK8b,"american contemporary classical, classical, compositional ambient, contemporary classical, minimalism"
Como Ayer,2gvvNE7RcqxKDv6DGEDScd,
The Young & the Hopeless,2vfo7RvInNxLISPDif4mC2,"alternative metal, modern rock, neon pop punk, pop punk, pop rock, post-grunge"
Snuggle Puppy,0DtUUNXVc0768qe6ADtaas,
American Girls,6BFNd5Pgo8jX5BFX8GVGSY,"neo mellow, pop rock, post-grunge, rock"
"Best of Friends - From ""The Fox & The Hound"" / Soundtrack",3lP9eoNsz04dMCfPIG0PpK,movie tunes
Out Of My Head,5tOjRq5shlEdm15nmJBq7Z,"pop rock, post-grunge"
Roland,4VA2prpKDv7ywbnPFfPrWS,new york drill
Lobo Wanna Raise,4Bjrr9qzrvViIG69Z1PTJO,"chicano rap, latin hip hop, texas latin rap"
Just One Of Those Days,6YUTHNchsxKwWs37fFaV95,"dancehall, reggae, reggae fusion"
Six Shooter,7cMECL3ApskseQxsXJq3Ii,"complextro, glitch hop"
Lloraras,2naqSVQHgiaoEpxtkVOhmK,"classic venezuelan pop, salsa, salsa venezolana"
